feature,Lasso,Lasso,Lasso,Ridge,Ridge,Ridge,ElasticNet,ElasticNet,ElasticNet
,Loss,Expected,Gain,Loss,Expected,Gain,Loss,Expected,Gain
# of Families 10,0.0,0.0,0.0,-0.010956426533382062,0.016600515398941633,-0.018424694788256347,0.0,0.0,-0.026087359186634875
# of Households 10,0.0,0.0,-0.03883901078359657,-0.017896108907008892,-0.0013682972690806485,-0.018095742404115264,0.0,0.0,-0.029919049931892105
# of Housing Units 10,0.0,0.0,-0.01657384376054866,-0.013358588294275305,0.0004298900726175868,-0.021225415485051555,0.0,0.0,-0.031750371175634555
% ADA 2018-2019,0.0,0.0,0.0,0.017083968944049118,-0.0721908816307723,0.019877492866406284,0.0,-0.0032199318037854975,0.0
% ADA 2020-2021,0.0,0.0,0.0,0.15462718399368264,-0.07610764071372259,-0.07694725243351742,0.05992487161121866,-0.03798686656303601,-0.0007428510713522555
% ADA 2021-2022,0.0,0.0,0.0,0.31170279694009695,-0.24740919860104388,-0.10988971375030283,0.13423527474200925,-0.06239879198796668,0.0
% Age 0-4 Pop 10,0.0,0.0,0.0,0.09570563693989753,-0.17291674666711102,0.05817853600184579,0.0,0.0,0.0
% Age 10-14 Pop 10,0.0,0.0,0.0,-0.0358628503125288,0.16823887860855577,-0.16996361413602765,0.0,0.0,-0.03724947756886111
% Age 15-19 Pop 10,0.0,0.0,0.0,0.060421700184595264,-0.08833580910889756,0.05386031447245377,0.0,0.0,0.0
% Age 20-24 Pop 10,0.0,0.03870397047066673,0.0,-0.20338665125806668,0.1686014127242194,0.04037235646581027,-0.04615080315137849,0.037941988876601,0.0
% Age 25-34 Pop 10,0.0,0.0,0.0,0.10010919722378125,-0.14534039931172904,0.09433507066392674,0.0,0.0,0.0
% Age 35-44 Pop 10,0.01727765566431107,0.0,0.0,-0.06754837220722945,0.0811618269689144,-0.07934937014822634,0.0,0.0,0.0
% Age 45-54 Pop 10,0.0,0.0,0.0,-0.1472932613020271,0.03874791123731392,0.09270061401187102,0.0,0.0,0.0
% Age 5-9 Pop 10,0.0,0.0,0.0,0.0913080785368607,0.002109494222717822,-0.11669383406331135,0.0,0.0,0.0
% Age 55-64 Pop 10,0.0,0.0,0.0,0.07828000243270021,0.11235089819596697,-0.15275829967147467,0.0,0.0,0.0
% Age 65-74 Pop 10,0.0,0.0,0.0,0.06460711539125165,-0.08041981928541399,0.01664971723375833,0.0,0.0,0.0
% Age 75-84 Pop 10,0.0,0.0,0.0,0.031717176750590916,-0.03014534795758096,0.011652590007209404,0.0,0.0,0.0
% Age 85-Up Pop 10,-0.015235378897388902,0.0,0.0,-0.10882518106504102,-0.11429709880925988,0.17851311132142159,-0.08949754701885271,-0.0816450686188443,0.05065204746381215
% Asian Pop 10,0.0,0.0,0.0,-0.0033465021161552424,0.057167550474081355,-0.08146058203974677,0.0,0.0,-0.009890551606083786
% Asian or Asian/Pacific Islander Students 2018-2019,0.0,0.109284550544068,-0.21793165607221723,-0.07519361874868641,0.2409139559508632,-0.24363035754050363,0.0,0.1443835280640969,-0.31446501676163996
% Asian or Asian/Pacific Islander Students 2020-2021,0.0,0.0,0.0,-0.036853059604990135,0.01562918531768608,-0.07291286258920777,0.0,0.0,-0.0029104211746826597
% Asian or Asian/Pacific Islander Students 2021-2022,0.0,0.0,0.0,0.01805479872071044,-0.09659513307385337,-0.034525545860718355,0.0,0.0,0.0
% Black Pop 10,0.0,0.0,0.0,-0.03787718138337415,-0.06527292943574074,0.16117225661795567,0.0,0.0,0.018319120342573006
% Black or African American Students 2018-2019,0.0,0.0,0.0,-0.0030615752918812973,0.05171492150897955,-0.028232521265946886,0.0,0.0,0.0
% Black or African American Students 2020-2021,0.0,0.0,0.0,0.01993758151195852,-0.026642064729404228,-0.008249552730466046,0.0,0.0,0.0
% Black or African American Students 2021-2022,0.0017395883057631336,0.0,0.0,0.1581417609587065,-0.14323277002429527,-0.05412376896688887,0.03897057806278566,-0.017910695822680234,0.0
% County Deaths 01/29/2022,0.0,0.0,0.0,0.05501990418630274,-0.16618720220545063,0.04573312235644112,0.0,0.0,0.0
% County Deaths 01/29/21,0.0,0.0,0.0,-0.09309631150688391,0.2050231466570022,-0.11348525994497749,-0.039689963476420266,0.0,0.0
% County Deaths 07/28/2021,0.0,0.0,0.0,-0.05907037433877359,-0.10069564743911712,0.12387893806966269,0.0,0.0,0.0
% County Deaths 07/29/2022,0.0,0.010172624626870243,0.0,-0.002701564104565826,0.11182588596786718,-0.12687214490426063,0.0,0.04057095040799191,-0.055354998448109344
% County Deaths 09/28/20,0.0,-0.0707888984979957,0.0,-0.02350820453512538,-0.06399196657042215,0.07567401316260132,0.0,-0.0796044531188994,0.060564160425522394
% County Deaths 10/30/20,0.0,0.0,0.04478973176350557,-0.013682555677351129,-0.0765947653646695,0.09078197772286299,0.0,-0.022722788191314108,0.03350299495172985
% County Deaths 10/30/2022,-0.1380136321603289,0.0809254469492628,0.0,-0.16263270123463008,0.2929599641370989,-0.16290741056511338,-0.12050600756189854,0.13540915237343912,0.0
% County Infected 01/29/2022,0.0,0.0,0.0,-0.11614666927709066,0.09626348821449744,-0.027628039537368802,-0.025551413141454083,0.0,0.0
% County Infected 01/29/21,0.0,0.0,0.0,0.10863265804992214,-0.045534262156323876,-0.061116173461486595,0.0,0.0,0.0
% County Infected 07/28/2021,0.0,-0.01865585789923735,0.0,0.025651737108498676,-0.2258144386601765,0.21961381622256593,0.0,-0.11004877978996634,0.058921724962775354
% County Infected 07/29/2022,0.0,0.0,0.0,0.043944808892542174,-0.04011240793427098,-0.004666228214323782,0.0,0.0,0.0
% County Infected 09/28/20,0.0,-0.03030770893604938,0.0,0.038150106509012925,-0.059559358257903365,-0.020849861602840192,0.0,-0.05280690154479218,0.0
% County Infected 10/30/20,0.0,0.0,0.0,0.014516861173284008,-0.04702802991272286,0.055745376582138136,0.0,-0.00482664920980119,0.0
% County Infected 10/30/2022,-0.01731111299037503,0.03000344866346157,0.0,-0.1280411645312124,0.12009192179340916,-0.013866672662586977,-0.04844050566159589,0.08767615772109257,0.0
% Female Pop 10,0.0,0.0,0.0,-0.05287595720464774,-0.024440185839836117,0.061861348941523744,-0.0018378787074782698,0.0,0.0
% Free or Reduced Lunch 2018-2019,0.0,0.0,0.0,-0.19393857178881488,0.2661759939251528,-0.05620792664420691,0.0,0.0,0.0
% Free or Reduced Lunch 2020-2021,0.0,0.0,0.0,0.0762939827862168,-0.04302839182901917,-0.030510768161565623,0.0,0.0,0.0
% Free or Reduced Lunch 2021-2022,0.0,0.0,0.0,-0.006492304129945066,0.025588921859776338,0.03321658284003234,0.0,0.0,0.0
% Grades 1-8 2018-2019,0.0,0.0,0.0,-0.11893653026299439,0.014109328932515241,-0.007113681917594123,0.0,0.0,0.0
% Grades 1-8 2020-2021,0.0,0.0,0.0,-0.025411422546659544,0.07947544853702025,-0.006491336976570182,0.0,0.002378829025276798,0.0
% Grades 1-8 2021-2022,0.0,0.0,0.0,0.03214585494267222,-0.02103044899435135,0.020689355951110957,0.0,0.0,0.0
% Grades 9-12 2018-2019,0.0,0.0,0.0,-0.04543912994861057,0.05356348375224996,0.05301108412006522,0.0,0.0,0.0
% Grades 9-12 2020-2021,0.0,0.0,0.0,-0.013634572764423796,-0.041809166737211835,0.053844626161578854,0.0,0.0,0.0
% Grades 9-12 2021-2022,0.0,0.0,0.0,-0.05894657426809211,0.06381483176577635,-0.01634576075512175,0.0,0.0,0.0
% HH 1 Female 10,0.0,0.0,0.0,-0.04820343629256445,0.1206512130565309,-0.15992637396211698,0.0,0.0,-0.034097938675630136
% HH 1 Male 10,-0.08095938232517166,0.17627697561473418,-0.002595159999226254,-0.037605952323212795,0.23429854022903437,-0.21994713540947233,-0.10208616734275103,0.2216557534979773,-0.126207126568385
% HH Female-Child 10,0.0,0.0,0.0,-0.002453406921528581,-0.14730270024230877,0.17396313138188985,0.0,0.0,0.0
% HH Male-Child 10,0.0,0.0,0.0,-0.10971463519471687,0.09013325783641989,0.03846000129929917,0.0,0.017231877753530248,0.0
% HH Married-Child 10,0.0,0.0,0.0,-0.07990757651603086,-0.10008297558178293,0.21654896472214885,0.0,0.0,0.0
% HH Married-noChild 10,0.0,0.0,0.0,0.030285950596115902,-0.0804908627005287,0.057448478355587515,0.0,0.0,0.0
% Hispanic Pop 10,0.0,0.0,0.0,0.060669137848193756,-0.0875956506806248,0.041397227430482776,0.0,0.0,0.0
% Hispanic Students 2018-2019,0.0,0.0,0.0,0.017338106883348563,-0.16536377514936504,0.07105134319053676,0.0,0.0,0.020291242769001985
% Hispanic Students 2020-2021,0.0,0.0,0.0,-0.0014540759955617804,0.04109087269971504,-0.008762531382656808,0.0,0.0,0.0
% Hispanic Students 2021-2022,0.0,0.0,0.0,-0.026638381151681035,0.022548313579223572,0.021855956029957272,0.0,0.0,0.0
% Housing Owner Occup 10,0.0,0.0,0.07181946226190253,-0.053167004739356136,-0.03140757948249143,0.07003556137953056,0.0,0.0,0.05963232344641783
% Housing Renter Occup 10,0.0,0.05675214624890502,-0.060620914908896276,-0.07721918756951532,0.08091262898177207,-0.046171185608461826,0.0,0.10091043921113231,-0.06306270144365507
% Housing Vacant 10,0.0,0.0,0.0,0.12512715269982486,-0.0553637382151159,-0.013720166622987669,0.0,0.0,0.0
% K 2018-2019,0.0,0.0,-0.12561429474144434,0.08327079183365167,0.10369012859231155,-0.161187930555069,0.041654284736243496,0.018348638654247195,-0.15625356822369066
% K 2020-2021,0.0,0.0,0.0,-0.033308427443944515,0.041207965627543724,-0.061332826483789654,0.0,0.006483292774109023,-0.016095677887457062
% K 2021-2022,0.0,0.0,0.0,0.034126869668994086,-0.005834357799995633,0.029495851774595735,0.0,0.0,0.0
% Male Pop 10,0.0,0.0,0.0,0.05287595720465455,0.02444018583983297,-0.06186134894151418,0.0018378787074786853,0.0,0.0
% On Campus 01/29/21,-0.21332883268038122,0.1270911970767427,0.0,-0.17184609721660404,0.1638736749116176,0.08456037739334067,-0.1972981258020942,0.12576796499434875,0.04564116110721496
% On Campus 09/28/20,-0.07578842057226508,0.01831935292748083,0.004237309393997016,-0.1618821153226479,0.15906822928778738,0.015495192938056825,-0.0613974500264847,0.08151469064936277,0.0
% On Campus 10/30/20,-0.3592837128732409,0.0,0.3622402699465084,-0.3411770921889268,0.024566226838602368,0.3893493484077275,-0.37075893096300905,0.0,0.4023818077553977
% Prek 2018-2019,0.05119748375116579,-0.034907717296547264,0.0,0.2219274216291322,-0.16347813494963145,-0.017897383600297145,0.163228793768574,-0.0699861285012109,0.0
% Prek 2020-2021,0.0,0.0,0.0,0.08210312819841481,-0.05700361501102953,-0.07144090921513804,0.0,0.0,0.0
% Prek 2021-2022,0.0,0.0,0.0,0.048716004656410586,-0.08901539341407014,-0.014049702214156162,0.0,-0.0030478635034616713,0.0
% School-wide Title I 2018-2019,0.0,0.0,0.0,0.15508822137077,0.02009994680802099,-0.06196348610839567,0.0,0.0,0.0
% School-wide Title I 2020-2021,0.0,0.0,0.0,0.016413980713793977,-0.1769858130097074,0.16210586118224368,0.0,-0.012812298969766127,0.0
% School-wide Title I 2021-2022,0.0,-0.11709112313248454,0.16291964924917782,-0.16239992144513254,-0.06752599955040213,0.21534941032163588,0.0,-0.07360709434106225,0.2049809658344778
% Students Tested Reading - Grade 3 2018-2019,0.12814601632486172,-0.009257565658090475,0.0,0.3383987203332834,-0.18005802709111057,-0.052794898970745865,0.2192492423641385,-0.06541803783752369,0.0
% Students Tested Reading - Grade 3 2020-2021,0.0,0.0,0.0,0.0832838802707829,0.01786185287490355,-0.007089019097577794,0.0,0.0,0.0
% Students Tested Reading - Grade 3 2021-2022,0.0,0.0,0.0,-0.15945146372442615,0.2669930118239827,-0.10860175417244575,-0.02951403183980045,0.041267157270495174,0.0
% Students Tested Reading - Grade 4 2018-2019,0.0,0.0,0.0,0.009049689431140873,-0.07711684180618576,0.12263639559538611,0.0,-0.01108214961519354,0.03392747421286433
% Students Tested Reading - Grade 4 2020-2021,0.0,0.0,0.0,0.1571918326405923,-0.055637202948342394,-0.08513644958809427,0.005823835460959777,0.0,0.0
% Students Tested Reading - Grade 4 2021-2022,0.0,0.0,0.008675744241949366,-0.07291981945181428,-0.025374264568714767,0.06924932213373253,0.0,-0.013041178518982005,0.05420215499937712
% Students Tested Reading - Grade 5 2018-2019,0.0,0.0,0.0,-0.22867249369613402,0.06744719257103786,0.035132028317552653,-0.07443568707701395,0.0,0.0
% Students Tested Reading - Grade 5 2020-2021,0.0,0.0,0.0,-0.020949539758308433,-0.04568795512196857,0.05950918322819441,0.0,0.0,0.0
% Students Tested Reading - Grade 5 2021-2022,0.03453840671417479,0.0,0.0,0.09583785272361876,-0.06120386710350889,0.012144097789438578,0.06133092816035701,-0.019270479119088416,0.0
% Students Tested Reading - Grade 6 2018-2019,0.0,0.0,0.043562944441125837,0.03614682700512701,-0.11104791296915262,0.14731378942759984,0.0,-0.03495994933066578,0.0754128651954698
% Students Tested Reading - Grade 6 2020-2021,0.0,0.0,0.0,0.029305530218089047,-0.00025631574922556284,0.027225808189900506,0.0,0.0,0.0
% Students Tested Reading - Grade 6 2021-2022,0.011346038274937768,-0.020395823962373414,0.0,-0.06318557054513796,-0.07644643958123833,0.01037196921927445,0.0,-0.05461002184442337,0.0
% Students Tested Reading - Grade 7 2018-2019,0.0,0.0,0.0,-0.036804456579250716,0.13533737282762817,-0.07193873739668824,0.0,0.008563539548980318,0.0
% Students Tested Reading - Grade 7 2020-2021,0.0,0.04196826747710806,0.0,-0.16317847860570678,0.2839242145363451,-0.10919629076683315,-0.015087391810070098,0.13096292238489737,0.0
% Students Tested Reading - Grade 7 2021-2022,0.0,-0.009817872132392986,0.0,-0.03365161673820973,-0.23422489430623883,0.15193461659499888,0.0,-0.09289045845107988,0.03722076630859696
% Students Tested Reading - Grade 8 2018-2019,0.0,0.0,0.0,0.10117342891536264,-0.09370993464680193,0.0681695318053651,0.0,0.0,0.0
% Students Tested Reading - Grade 8 2020-2021,-0.18049126128672419,0.1465260253608639,0.0,-0.20243156666320616,0.1991010448579679,0.027873577748171938,-0.18416845804015236,0.17017114793023283,0.0
% Students Tested Reading - Grade 8 2021-2022,0.0,0.0,0.0,-0.07343303768290751,0.016422278314276128,0.04415438364148031,0.0,0.0,0.0
% Title I Eligible School 2018-2019,0.0,0.0,0.0,0.05158477151397058,0.06078182607308556,-0.10209579955195221,0.0,0.0,0.0
% Title I Eligible School 2020-2021,0.0,0.0,0.0,-0.058992166345260943,0.10662148751953178,-0.025143396068780674,0.0,0.0,0.0
% Title I Eligible School 2021-2022,0.0,0.0,0.0,0.019173428242938436,-0.15988399302982864,0.044856021370071934,0.0,-0.037299702910949355,0.0
% White Pop 10,0.0,0.0,0.0,-0.022386943586269588,-0.034873581054362564,0.05297151704810544,0.0,0.0,0.0
% White Students 2018-2019,0.0,0.0,0.0,0.04525253554049662,0.051555572987849324,-0.04841309588166529,0.0,0.0,0.0
% White Students 2020-2021,0.0,0.0,0.0,0.06117475401753253,-0.1464198446566844,0.033471502930660715,0.0,0.0,0.0
% White Students 2021-2022,0.0,0.0,0.0,0.018317425089338365,-0.04575367480725434,0.003907979555109371,0.0,0.0,0.0
% of Population Under 18 in Poverty,0.0,0.0,0.0,-0.25600582108576364,0.2923328079653212,-0.08336342402882625,0.0,0.0561722542236794,-0.020377424209441622
% of Population in Poverty,0.0,0.0,0.0,0.1257599254680546,-0.23497556721661272,0.106745810561157,0.0,0.0,0.0
11-City: Large,0.09274790098807079,-0.07149926865093456,0.0,0.24057967339669048,-0.17265986188303709,-0.06564828175051937,0.13463995716896038,-0.10322937229506439,0.0
12-City: Mid-size,0.009063214644172863,0.0,0.0,0.11476573138028444,-0.0402993911742966,-0.09295630788505348,0.05256258838158249,0.0,-0.045542369467879554
13-City: Small,0.0,0.0,0.0,0.03397359813146213,-0.061096976357212396,0.07280407731332036,0.0,0.0,0.0
21-Suburb: Large,0.0,0.0,-0.009607751563119063,0.07573241086895825,-0.006481136799134214,-0.09376971809186362,0.0,0.0,-0.0876548755881869
22-Suburb: Mid-size,-0.08709386477303382,0.13928691500010584,0.0,-0.26110515940413825,0.23572156964598112,-0.05345300537900895,-0.16653317991042055,0.18212322363024033,0.0
23-Suburb: Small,0.0,0.12877499934651288,-0.04095874665176749,-0.10838825170306333,0.2552626650711904,-0.15753907478517193,-0.047248083844335896,0.18825558166566578,-0.085271786170846
31-Town: Fringe,0.0,-0.06971774430938991,0.11066123498354735,0.045452244858508385,-0.17274969642308202,0.19683786138886217,0.0,-0.10440008537415993,0.16347419538637417
32-Town: Distant,0.0,0.0,0.03966918654522949,0.07468411229154032,-0.05793032686926634,0.07287444777497912,0.0,-0.007935792664708428,0.06410756279284889
33-Town: Remote,-0.04270999636991901,0.06552456556142199,0.0,-0.11414579457661356,0.11321503079725907,0.021808427926016814,-0.06550954247010049,0.09718522561624633,0.0
41-Rural: Fringe,-0.05113752901151312,0.12369616553409028,-0.009721005025799262,-0.10872964841419201,0.15356468190609962,-0.07473318443931345,-0.09610860512694969,0.1514058845422759,-0.03606451274902472
42-Rural: Distant,0.0,0.0,0.0,0.03227999093094956,-0.08368106199747564,0.04404521965298464,0.0,0.0,0.00830177678752596
43-Rural: Remote,0.0,0.0,0.0,-0.03351597345315199,-0.008642723159991749,0.003674048179264184,0.0,0.0,0.0
ARP ESSER III 21 NORM,0.0,0.0,0.0,0.08256783022070358,-0.10919895696853016,0.04906258774163311,0.0,-0.0065037918052051336,0.0
Average Annual Pay,0.13571723338384048,-0.20909323435629829,0.0,0.2891274846584235,-0.4517699582182414,0.1750609914147033,0.1785370894184113,-0.3227661488056849,0.03651388769549682
Average Score Math All Grade 3 2018-2019,0.0,0.0,0.0,0.35894304994515097,0.060787630329407163,-0.3174664287128904,0.18411104089119443,0.0,-0.10153012362855185
Average Score Math All Grade 3 2020-2021,-0.4834666670267625,0.0,0.49156750941954586,-0.6118066999921731,-0.07079995621199224,0.5672027956299596,-0.5913340687758771,0.0,0.5079832514847693
Average Score Math All Grade 4 2018-2019,0.0,0.0,0.0,0.1766118139230395,0.07195049829754231,-0.34513636981708656,0.02054242045491711,0.0,-0.24349597894103628
Average Score Math All Grade 4 2020-2021,-0.5781699658163645,0.0,0.14860459681801588,-0.715186850438887,-0.01737650822447026,0.6877976627789151,-0.5764139876996992,0.0,0.5900420616920787
Average Score Math All Grade 5 2018-2019,0.0001721941993629174,0.05273734407057376,-0.29970467970530706,0.18647249696813625,0.32003131419264946,-0.5975760667912853,0.13636881844412704,0.1284220120054977,-0.5242206013942404
Average Score Math All Grade 5 2020-2021,-0.04671229432818589,0.0,0.38030920212164254,-0.364694291583982,-0.11257541121084409,0.44278748181346855,-0.25526136001758215,-0.01977021804610232,0.4042155371551137
Average Score Math All Grade 6 2018-2019,0.0,0.0,0.0,0.3516707466926714,0.01812049411967662,-0.430022425978276,0.16353920873797678,0.0,-0.15382701207971444
Average Score Math All Grade 6 2020-2021,0.0,0.0,0.0,-0.23449661875645947,-0.08935435873620472,0.39105408782247547,-0.03625820876322773,0.0,0.18632172822211324
Average Score Math All Grade 7 2018-2019,0.0,0.0,0.0,0.2196661416372987,-0.06716905728182106,-0.07935641616341378,0.00018886544011708785,0.0,0.0
Average Score Math All Grade 7 2020-2021,0.0,-0.13824076639184305,0.11555439223273521,-0.010765943311351398,-0.4068335109225212,0.4201737923938358,0.0,-0.28035877243962976,0.2628245005980303
Average Score Math All Grade 8 2018-2019,0.06694604502799026,0.0,0.0,0.24042752004631515,0.06063351686946351,-0.3649509585836631,0.12553534598993477,0.0,-0.03567917018548555
Average Score Math All Grade 8 2020-2021,0.0,0.0,0.0,-0.17584955838777605,0.1266555371718264,0.042580371086077186,0.0,0.0,0.0
Average Score Math Free Lunch Grade 3 2018-2019,-0.0030095764662105657,0.0,0.0,-0.0949929713186394,-0.10602599293085277,0.0824376371503681,-0.10199595450486221,0.0,0.0
Average Score Math Free Lunch Grade 3 2020-2021,0.0,0.0,0.0,0.07315339146773424,-0.08329878564226172,-0.014745392613227454,0.0,-0.04420109441750578,0.0
Average Score Math Free Lunch Grade 4 2018-2019,0.0,0.0489110824221985,0.0,-0.13635198356178443,0.1958953990235791,-0.02625299336429519,0.0,0.10408118973956522,-0.030514949874813478
Average Score Math Free Lunch Grade 4 2020-2021,0.0,0.0,0.0,-0.039023181864394484,-0.13075340888290451,0.09275890683129653,0.0,0.0,0.0
Average Score Math Free Lunch Grade 5 2018-2019,0.0,0.0,0.0,-0.05865681257213315,-0.0637475486314828,0.13397509147443892,-0.026325793264156985,0.0,0.0
Average Score Math Free Lunch Grade 5 2020-2021,0.0,0.0,0.0,-0.0369433909379132,0.13101409970078223,-0.12340883703094802,0.0,0.028830159086448592,0.0
Average Score Math Free Lunch Grade 6 2018-2019,0.0,0.0,0.0,-0.0067399211693711545,-0.048259902248982155,0.027849910829978838,0.0,0.0,0.0
Average Score Math Free Lunch Grade 6 2020-2021,0.0,0.0,0.0,0.19074568966193542,-0.06481003233155573,-0.1307161734433689,0.0,0.0,0.0
Average Score Math Free Lunch Grade 7 2018-2019,0.0,0.0,0.0,-0.13360869517466614,0.007165622015544041,0.11710336430513,0.0,0.0,0.0
Average Score Math Free Lunch Grade 7 2020-2021,0.0,0.0,0.0,0.13849381795453247,-0.12274963880493134,0.0051287128193957246,0.051869474470130024,-0.034899368534497995,0.0
Average Score Math Free Lunch Grade 8 2018-2019,0.0,0.0,0.0,0.1730705829589681,-0.12510664236603775,-0.041633827494888066,0.0,0.0,0.0
Average Score Math Free Lunch Grade 8 2020-2021,0.0,0.0,0.007194092453101354,0.08511283581093079,-0.1491711107424991,0.12241676724925134,0.0,-0.031117223161939916,0.04681640042127358
Average Score Math Hispanic Grade 3 2018-2019,0.0,-0.0003222576295397791,0.0,0.04066871059111837,-0.07227272064080482,0.07480235239385873,0.0,-0.0641293603878386,0.002332385760584248
Average Score Math Hispanic Grade 3 2020-2021,0.0,0.0,0.0,-0.06125903474707097,0.12388694688298427,-0.15891055310586152,-0.01586173305296529,0.006457934516626368,0.0
Average Score Math Hispanic Grade 4 2018-2019,0.0,0.0,0.0,-0.0132076605359137,0.07862596472131798,-0.020066065425572065,0.0,0.045614475181617285,0.0
Average Score Math Hispanic Grade 4 2020-2021,-0.13544079698469821,0.0,0.0,-0.1709586834881682,0.0675523550621093,-0.00817938678825118,-0.13054011907467872,0.0,0.0
Average Score Math Hispanic Grade 5 2018-2019,0.0,0.0,0.0,0.052013963170288335,0.022027703350874603,-0.011804564674437914,0.0,0.0,0.0
Average Score Math Hispanic Grade 5 2020-2021,0.0,-0.03295993648862639,0.04451983163266443,0.0010518732635588588,-0.1165031843741226,0.09968372779582833,0.0,-0.07425164763928291,0.13837569780727127
Average Score Math Hispanic Grade 6 2018-2019,0.0,0.0,0.0,-0.0017709948684576325,-0.017209445148146423,-0.001146206945127319,0.0,0.0,0.0
Average Score Math Hispanic Grade 6 2020-2021,0.0,0.0,0.0,-0.11700755196159263,0.008384424497231199,0.029784011274664006,0.0,0.0,0.0
Average Score Math Hispanic Grade 7 2018-2019,0.0,0.0,0.0,0.05426558573565339,-0.12926936352538984,0.06410012769577116,0.0,-0.019649629599519065,0.0
Average Score Math Hispanic Grade 7 2020-2021,0.0,0.0,0.0,0.18574739043200222,-0.16159915423241927,0.0016831223330117967,0.0,-0.0257989374926937,0.0
Average Score Math Hispanic Grade 8 2018-2019,0.0,0.0,0.0,0.009586887526720685,-0.1152483466962612,0.1242129454380479,0.0,-0.04798503389569646,0.01235982159788936
Average Score Math Hispanic Grade 8 2020-2021,0.0,0.0,0.0,0.18977822554210824,-0.15789910270591667,-0.01775631838422481,0.0,0.0,0.0
Average Score Math Poverty Grade 3 2018-2019,0.0,-0.027316331074371394,0.0,-0.009536746439464403,-0.07910762424402408,0.07821938248963875,0.0,-0.06386287608349726,0.023236876513203646
Average Score Math Poverty Grade 3 2020-2021,0.0,0.0,0.0,-0.024382381618442354,-0.06521983260563365,0.10928076909224994,0.0,-0.04468919901219172,0.03012524146685153
Average Score Math Poverty Grade 4 2018-2019,0.0,0.0,0.0,0.1344518464125919,0.00363178921404046,-0.04857683358779727,0.0006803803123868299,0.0,0.0
Average Score Math Poverty Grade 4 2020-2021,0.0,0.0,0.0,-0.016637876780176156,-0.10169856085865003,0.09690232111382832,0.0,0.0,0.05415309061107454
Average Score Math Poverty Grade 5 2018-2019,0.0,0.0,0.0,0.036510058463995854,-0.0007535178023228712,-0.0025152940457636368,0.0,0.0,0.0
Average Score Math Poverty Grade 5 2020-2021,0.0,0.0,0.0,-0.06641169411782451,-0.012360879527108405,0.07523901041388817,-0.005461899252651046,0.0,0.0
Average Score Math Poverty Grade 6 2018-2019,0.0,0.0,0.0,-0.08585944627096014,0.14716417658957107,-0.08496338214015013,0.0,0.03424085664843,0.0
Average Score Math Poverty Grade 6 2020-2021,0.0,0.0,0.0,-0.08159853769649257,0.017525271900474225,0.028222102880994873,0.0,0.0,0.0
Average Score Math Poverty Grade 7 2018-2019,0.0,0.0,0.0,0.2091913740025641,-0.1575587532364422,-0.014223062229015891,0.03594379199919167,-0.010887247953930633,0.0
Average Score Math Poverty Grade 7 2020-2021,0.0,0.0,0.0,0.10383325038286123,-0.056918587137594685,-0.08652445736254016,0.0,0.0,0.0
Average Score Math Poverty Grade 8 2018-2019,0.0,0.0,0.0,0.11010345295518978,-0.1622279260020536,-0.020132175548436885,0.0,-0.001961779228147801,0.0
Average Score Math Poverty Grade 8 2020-2021,0.0,0.0,0.0,0.10488921136312769,-0.11539692524878678,0.11960265912114001,0.0,0.0,0.018717819774308874
Average Score Math T1 Grade 3 2018-2019,0.0,0.0,0.0,-0.02025516254900593,0.004557130891284649,0.016272140784518923,0.0,0.0,0.0
Average Score Math T1 Grade 3 2020-2021,-0.045093262973359895,0.0,0.0,0.0007075404619316166,-0.039581435400702296,-0.02094754621246517,-0.0074447793496728075,0.0,0.0
Average Score Math T1 Grade 4 2018-2019,0.0,0.0,0.0,0.017094092726491105,0.05560518967755768,-0.08123706230045183,0.0,0.0,0.0
Average Score Math T1 Grade 4 2020-2021,-0.06588154220698278,0.0,0.0,-0.06276202966332424,0.04828642334022394,-0.007103979097408495,-0.06652073028273975,0.0,0.0
Average Score Math T1 Grade 5 2018-2019,0.0,0.0,0.0,0.00782065251637566,-0.048920459885612944,0.06296568085639594,0.0,-0.001693033903793687,0.0
Average Score Math T1 Grade 5 2020-2021,0.0,-0.009302913351970263,0.0,0.007020712743884157,-0.03546075332477065,0.026727470757061216,0.0,-0.0517810865102502,0.008064825965708206
Average Score Math T1 Grade 6 2018-2019,0.0,0.0,0.0,-0.04501558935309293,0.09177426951481178,-0.06166672039094739,0.0,0.0,0.0
Average Score Math T1 Grade 6 2020-2021,0.0,0.0,0.0,0.004184040340490068,-0.03034009914982035,0.005155745535583716,-0.014166152372686092,0.0,0.0
Average Score Math White Grade 3 2018-2019,0.0,0.0,0.0,0.10012431083721308,-0.272085448924687,0.1304303911687341,0.0,-0.09643661061563025,0.0
Average Score Math White Grade 3 2020-2021,0.0,0.0,0.0,-0.04665258144212239,0.0625405115434767,-0.0989951061396172,0.0,0.0,0.0
Average Score Math White Grade 4 2018-2019,0.0,0.0,0.0,-0.036038825755133834,-0.00816582371269163,0.08998659223025357,0.0,0.0,0.0
Average Score Math White Grade 4 2020-2021,0.0,0.0,0.0,0.1534116171292598,-0.07118447613377792,-0.0473122630362204,0.0,-0.018525747841425067,0.0
Average Score Math White Grade 5 2018-2019,0.0,0.0,0.0,0.0437903442009359,-0.0350721745383066,0.01354606734131486,0.0,0.0,0.0
Average Score Math White Grade 5 2020-2021,0.0,0.0,0.0,-0.08046844615917717,-0.010801517198942255,0.050317992897419284,0.0,0.0,0.0
Average Score Math White Grade 6 2018-2019,0.0,0.0,0.0,-0.03765985725107544,0.10953755589678427,-0.11666275952951485,0.0,0.029398357029190022,0.0
Average Score Math White Grade 6 2020-2021,0.0,0.0,0.0,-0.04799373619106762,-0.028555981145188262,0.11869711338384724,0.0,0.0,0.0
Average Score Math White Grade 7 2018-2019,0.0,0.0,0.0,0.08249263068473264,-0.044932125927811324,0.020255506256287047,0.0,0.0,0.0
Average Score Math White Grade 7 2020-2021,0.0,0.0,0.0,-0.05089475663603908,0.03186976650481673,-7.797650459370737e-05,0.0,0.0,0.0
Average Score Math White Grade 8 2018-2019,0.0,0.0,0.0,-0.11288029858844394,-0.0670118405357033,0.17487773981824142,0.0,0.0,0.0
Average Score Math White Grade 8 2020-2021,-0.05323378727429289,0.0,0.0,-0.09399490876821778,0.056390900654318454,0.07302291343891874,-0.06669729670824069,0.0,0.0
Average Score Reading All Grade 3 2018-2019,0.36762755831662125,0.0,-0.5958762425072417,0.5652353314683557,0.17109276948802918,-0.575422556386153,0.5598782553918739,0.005099939490232931,-0.6389032965006579
Average Score Reading All Grade 3 2020-2021,-0.5340202184457961,0.0,0.5969057349353146,-0.745845865829403,0.06090349828027209,0.7192560789262623,-0.6821135663819586,0.0,0.7040911283892973
Average Score Reading All Grade 4 2018-2019,0.5160253000941136,0.0,-0.4078457917621278,0.5077299669066967,-0.11165772140182292,-0.46322277829525443,0.5866469730744744,0.0,-0.4740161330714735
Average Score Reading All Grade 4 2020-2021,-0.3093013733907208,0.0,1.0428044940626184,-0.7579176471667599,-0.11873013025509388,0.8373053228425055,-0.6147613865503907,0.0,0.9034843509013699
Average Score Reading All Grade 5 2018-2019,0.20137966095765905,0.05491236664857572,-0.9391147023572183,0.28850503969032804,0.2946124827148589,-0.701688128935859,0.2480455009306779,0.10784724936352995,-0.7409885357893645
Average Score Reading All Grade 5 2020-2021,-0.3426930355366504,0.0,0.4157934063181764,-0.5222409585676888,-0.11764137671369758,0.6758161804464824,-0.4832266807229437,0.0,0.5831018603168588
Average Score Reading All Grade 6 2018-2019,0.19245116971410262,0.017038305164515318,-0.39199609123915224,0.4569099717160302,0.14672015528554924,-0.7119462527363888,0.38301543712335356,0.07307014479796492,-0.647355389614927
Average Score Reading All Grade 6 2020-2021,-0.3246730834506181,0.0,0.3057772010440083,-0.47654810883367343,0.05237757638922777,0.5678669624711652,-0.4656986535589273,0.0,0.5064408382388007
Average Score Reading All Grade 7 2018-2019,0.0,0.0,-0.3418418368682786,0.33753046037352896,0.28587442710655947,-0.5273218536221875,0.16284774607693445,0.05224870074464352,-0.54370415315624
Average Score Reading All Grade 7 2020-2021,0.0,0.0,0.405493988541541,-0.5057031172185128,-0.17360365885182283,0.5909060079481244,-0.23517657510411516,0.0,0.4976090888552733
Average Score Reading All Grade 8 2018-2019,0.0,0.06294661944966355,-0.305000139233624,0.32496916058374237,0.25418243369297494,-0.5998628632462808,0.23375679624592127,0.15439805001721335,-0.5028639387705417
Average Score Reading All Grade 8 2020-2021,-0.03931649430303863,0.0,0.014147704678573231,-0.48153146951578674,0.019017437806704247,0.37455313424405395,-0.29104400506183253,0.0,0.20560953298462095
Average Score Reading Free Lunch Grade 3 2018-2019,0.0,0.0,0.0,-0.045280406905328474,0.11040795426600086,-0.09784331205052654,0.0,0.0,0.0
Average Score Reading Free Lunch Grade 3 2020-2021,0.0,0.0,0.0,0.03206253845541488,-0.055419560337370985,0.040799804003419225,0.0,0.0,0.0
Average Score Reading Free Lunch Grade 4 2018-2019,0.0,0.0,0.0,-0.02211306978464637,0.07815691212179612,-0.03258500692826472,0.0,0.0,-0.011982418557476364
Average Score Reading Free Lunch Grade 4 2020-2021,0.0,0.0,0.0,-0.05398029110483164,0.09441104299819215,0.03149447143449645,-0.01770895785337087,0.0,0.0
Average Score Reading Free Lunch Grade 5 2018-2019,0.0,0.0,0.0,-0.020663528169877425,-0.028666686555455418,0.07111537479180387,0.0,0.0,0.0
Average Score Reading Free Lunch Grade 5 2020-2021,0.0,0.0,0.0,-0.05374353740532722,0.11038245405310618,-0.0917851510240259,0.0,0.03693502276426067,0.0
Average Score Reading Free Lunch Grade 6 2018-2019,0.0,0.02257172756871192,-0.002584177338141435,0.03409894524543651,0.03762805537494959,-0.06724866130367073,0.0,0.018410415668230505,-0.00416855203376134
Average Score Reading Free Lunch Grade 6 2020-2021,0.0,0.0,0.0,0.09574426809791152,0.023727564135684397,-0.09164290446085722,0.0,0.0,0.0
Average Score Reading Free Lunch Grade 7 2018-2019,0.0,0.0,0.0,-0.14168682357282736,0.11719634432119218,0.011819080229189474,0.0,0.0,0.0
Average Score Reading Free Lunch Grade 7 2020-2021,0.0,0.0,0.0,-0.0820422975616703,-0.0020617684746512743,0.07118674979863424,0.0,0.0,0.0
Average Score Reading Free Lunch Grade 8 2018-2019,0.0,0.0021142643267242174,0.0,0.030131006599781084,0.2879622853002479,-0.20334911765321625,0.0,0.06525785735397752,-0.05219664867596229
Average Score Reading Free Lunch Grade 8 2020-2021,0.0,0.0,0.0,-0.09465847270824305,0.06453220166588276,-0.06430120470127394,0.0,0.0,0.0
Average Score Reading Hispanic Grade 3 2018-2019,0.0,0.0,0.0,0.040636706108956346,-0.025050600081966502,0.03942411635330231,0.0,0.0,0.0
Average Score Reading Hispanic Grade 3 2020-2021,0.0,0.17186016332981424,-0.007866563745486653,-0.08272040918061745,0.2632809573697349,-0.19454141565626473,0.0,0.2468772601665525,-0.13862910604044476
Average Score Reading Hispanic Grade 4 2018-2019,0.0,0.0,0.0,0.0678809970579449,0.06376340727012236,-0.08449757431834141,0.0,0.008742840042135798,0.0
Average Score Reading Hispanic Grade 4 2020-2021,-0.02238781384949283,0.0,0.0,-0.14065673875163714,-0.02562555389002739,0.13059373339636,-0.0896633613068209,0.0,0.015574433801620028
Average Score Reading Hispanic Grade 5 2018-2019,0.0,0.0,0.0,0.04770889259685722,0.02603440946825257,-0.011876600191823029,0.0,0.0,0.0
Average Score Reading Hispanic Grade 5 2020-2021,0.0,0.0,0.0,0.01118821822619469,-0.05179033336668622,0.060932619973677604,0.0,0.0,0.0
Average Score Reading Hispanic Grade 6 2018-2019,0.0,0.0,0.0,-0.013985277324096154,0.05823655140717363,-0.05419142796011139,0.0,0.0,0.0
Average Score Reading Hispanic Grade 6 2020-2021,0.0,0.0,0.0,-0.1481799941867989,0.10589021258697921,-0.015655576121924933,-0.0027331167731080496,0.012756919954503688,0.0
Average Score Reading Hispanic Grade 7 2018-2019,0.0,0.0,0.0,-0.02314387292505601,0.014692698272902328,0.0491021664167506,0.0,0.0,0.0
Average Score Reading Hispanic Grade 7 2020-2021,0.0,0.0,0.0,0.0007684816783404857,0.07244527560621723,-0.06409318822284456,0.0,0.0,0.0
Average Score Reading Hispanic Grade 8 2018-2019,0.0,0.0,0.0,-0.004966546719214399,-0.0731337383816602,0.06266725420760019,0.0,0.0,0.0
Average Score Reading Hispanic Grade 8 2020-2021,0.0,0.0,0.0,-0.21936148985580237,0.19233410798987638,-0.045367516662897324,0.0,0.028415276046734907,0.0
Average Score Reading Poverty Grade 3 2018-2019,0.0,0.0,0.0,0.048650929034692376,-0.03615182365912524,-0.027475461664978253,0.0,0.0,0.0
Average Score Reading Poverty Grade 3 2020-2021,0.0,0.0,0.0,-0.08940646742337129,0.002479613431448874,0.15801332404943094,0.0,0.0,0.057197093038728254
Average Score Reading Poverty Grade 4 2018-2019,0.1126451386710491,0.0,0.0,0.2713104053275401,-0.04712020014668642,-0.11159838423472461,0.23738735826853138,0.0,0.0
Average Score Reading Poverty Grade 4 2020-2021,0.0,0.0,0.0,-0.02359390354909467,0.08100607810858435,0.10450820813695937,-0.0037339514398594606,0.0,0.02341628466562066
Average Score Reading Poverty Grade 5 2018-2019,0.0,0.0,0.0,0.08203292639851331,0.05492092484864919,-0.10945047241667978,0.0,0.0,0.0
Average Score Reading Poverty Grade 5 2020-2021,0.0,0.0,0.0,-0.09990187304826136,0.04434034941180648,0.08473002508152404,-0.013838964718144336,0.0,0.0
Average Score Reading Poverty Grade 6 2018-2019,0.0,0.12073905479333553,-0.11086450943043899,-0.018576429745651754,0.17712427147363152,-0.19390348324837908,0.0,0.1600321383925634,-0.18649995155348298
Average Score Reading Poverty Grade 6 2020-2021,0.0,0.0,0.0,-0.17163101663798375,0.021839145032202037,0.1301747652839,0.0,0.0,0.0
Average Score Reading Poverty Grade 7 2018-2019,0.02999377896954179,0.0,0.0,0.24775978392966946,-0.04685679583569257,-0.17086633804358894,0.10135497189727047,0.0,0.0
Average Score Reading Poverty Grade 7 2020-2021,0.0,0.0,0.0,-0.16404373496103117,0.027403643619625887,0.016679872919048887,0.0,0.0,0.0
Average Score Reading Poverty Grade 8 2018-2019,0.0,0.0,0.0,0.022225897370873222,0.0036023863130787604,-0.03111934120083288,0.0,0.0,0.0
Average Score Reading Poverty Grade 8 2020-2021,0.0,0.0,0.0,-0.029147365856987607,0.1544006085344882,-0.07783787093079418,0.0,0.0,0.0
Average Score Reading T1 Grade 3 2018-2019,0.0,0.0,0.0,0.08567737339719965,0.02286522166426855,-0.09526690738962969,0.019312796491546585,0.0,-0.02138672542743439
Average Score Reading T1 Grade 3 2020-2021,0.0,0.0,0.0,-0.054808584383517774,0.04901019709189754,0.023579015982476168,-0.036900237946825426,0.011334011851116418,0.0
Average Score Reading T1 Grade 4 2018-2019,0.0,0.0,0.0,0.1344443413238633,-0.024717674673779416,-0.111345222575483,0.05663400166250216,0.0,-0.03309647580476326
Average Score Reading T1 Grade 4 2020-2021,0.0,0.0,0.0,-0.09784800936381767,0.02677003861950638,0.059549569302188764,-0.0755334392283827,0.0,0.0
Average Score Reading T1 Grade 5 2018-2019,0.0,0.0,0.0,0.03426772760545489,-0.048379490100876714,0.03760808039073387,0.0,-0.0023682976874647697,0.0
Average Score Reading T1 Grade 5 2020-2021,0.0,0.0,0.03705198296126689,-0.06161300528420537,-0.030735002110224407,0.12238774786492977,0.0,0.0,0.09388277891565576
Average Score Reading T1 Grade 6 2018-2019,0.0,0.0,0.0,-0.018719480972352976,-0.014019359654220765,-0.03295321750631266,0.0,0.0,0.0
Average Score Reading T1 Grade 6 2020-2021,0.0,0.0,0.0,-0.030589470564275998,-0.04193393520536084,0.053250725409182985,-0.03186347751612582,0.0,0.0
Average Score Reading White Grade 3 2020-2021,0.0,0.0,0.0,-0.0888343921245524,0.11833062407859551,-0.0834801534433847,0.0,0.01563537336778153,0.0
Average Score Reading White Grade 4 2020-2021,0.0,0.0,0.0,0.12247710543589646,-0.03444356918965661,-0.044454120441863185,0.0,0.0,0.0
Average Score Reading White Grade 5 2018-2019,0.0,0.0,0.0,0.18149747407891859,-0.09479820801453476,-0.07089915269363851,0.0,0.0,0.0
Average Score Reading White Grade 5 2020-2021,0.0,0.01665111111939991,0.0,-0.13891470864012376,0.13095161109719433,-0.007170817648873252,-0.016634613837623435,0.04472527975103634,0.0
Average Score Reading White Grade 6 2018-2019,0.0,0.2438636031890224,-0.048861380927436526,-0.039742856437075647,0.2309769651986265,-0.22537505341635508,0.0,0.23434841967693937,-0.11145078294538023
Average Score Reading White Grade 6 2020-2021,0.0,0.0,0.0,-0.08206804621021463,-0.022731637349732593,0.1653045837198718,-0.011214196709868788,0.0,0.010548642015975166
Average Score Reading White Grade 7 2018-2019,0.0,0.0,0.0,0.03763047537978701,0.024597617517892825,-0.08515430599424674,0.0,0.0,0.0
Average Score Reading White Grade 7 2020-2021,0.0,0.0,0.0,-0.09503462161725504,0.09926416959164473,-0.029686222616101054,-0.00842056869506703,0.0,0.0
Average Score Reading White Grade 8 2018-2019,0.0,0.0,0.0,0.06548553708964899,0.14715617073628548,-0.1905240529610559,0.0,0.035011218814437466,-0.03152290540348153
Average Score Reading White Grade 8 2020-2021,0.0,0.0,0.0,-0.05510481544932247,-0.04090599914411174,0.13920843251906484,-0.0066495614628427025,0.0,0.024281589095237303
Avg Family Size 10,0.0,0.0,0.0,0.07430435005785321,0.07136421430932136,-0.09452436595183994,0.0,0.0,0.0
Avg Household Size 10,0.0,0.0,0.0,0.07954330766927357,0.019537161556311647,-0.035396595634266094,0.0,0.0,0.0
CARES ESSER I 20 NORM,0.0,0.0,0.0,-0.11910431463398574,0.04218847272292583,0.06662808318961547,0.0,0.0,0.0
CRRSA ESSER II 21 NORM,0.0,0.0,0.0,0.08256821056174765,-0.1091988657092746,0.04906223824262807,0.0,-0.006502036790151844,0.0
County Population,0.0,0.0,0.0,0.00885938076940522,-0.010623698684422242,-0.012496393536991585,0.0,0.0,-0.01362079475272549
Median Age 10,0.0,0.0,0.0,0.0013164317192754244,-0.029665177700643332,0.05662770912300608,0.0,0.0,0.0
Median Age Female 10,0.0,0.0,0.0,0.09665231134485379,-0.25546713216908296,0.13836723922559468,0.0,-0.0275153268733971,0.0
Median Age Male 10,0.0,0.0,0.0,-0.06594316624856043,-0.020407970223915425,0.11065623286744951,0.0,0.0,0.0
Median Household Income,0.011867417867454062,0.0,0.0,0.09640750676764533,-0.15072226675378314,0.13193220436806063,0.015335843923477355,0.0,0.0
Per Capita Income,0.0,0.1397020175219402,-0.07916236760682618,-0.09973029326217167,0.2766872182685605,-0.22067509208836056,0.0,0.22512442624288814,-0.14921848763805962
Total Staff 2018-2019,0.0,0.0,0.0,-0.012555767569327426,0.31156530801435156,-0.24598419987444656,0.0,0.046318258072294644,0.0
Total Staff 2020-2021,0.0,0.0,0.0,-0.14753531216015078,-0.07724022611773113,0.1514235349852416,0.0,0.0,0.0
Total Staff 2021-2022,0.0,0.0,0.0,0.04206529986956271,-0.12476430253677674,0.05830975266571057,0.0,0.0,0.0
Total Students 2018-2019,0.0,0.0,0.0,-0.05004266156142423,0.013826597913175781,-0.04391554671333771,-0.0046768932593121235,0.0,-0.0024347308248182428
Total Students 2020-2021,0.0,0.0,0.0,-0.04244851446260023,0.03460741281051899,-0.04511030774816279,-3.8671774348476e-05,0.0,-0.0136230358530666
Total Students 2021-2022,0.0,0.0,0.0,-0.04824952569066893,0.0756099112351802,-0.055075533333856494,-0.014213295548482769,0.03972152408441418,-0.03248091470495416
Total Teachers 2018-2019,0.0,0.0,0.0,-0.0031450549427986677,-0.028114782010369647,-0.03598557379038711,-0.015256855163042383,0.0,0.0
Total Teachers 2020-2021,0.0,-0.09793788048746983,0.12996315071375947,-0.08408878918975735,-0.2334213430276185,0.17757333419079604,-0.019927334301799264,-0.17917352919532997,0.12837025094034163
Total Teachers 2021-2022,0.0,0.0,0.0,-0.009978888725947727,0.047239564327308296,0.03141648811042039,0.0,0.0,0.0
