,DISTRICT_N,AVG_Math_2022,AVG_Reading_2022,AVG_Math_2019,AVG_Reading_2019,AVG_Math_2021,AVG_Reading_2021
0,57816,0.815264172,0.876328755,0.836181687,0.879525772,0.811144693,0.882282371
1,57829,0.819227667,0.858440916,0.848756015,0.866372715,0.804116341,0.86039578
2,101871,0.403566107,0.45459017,0.419713702,0.445924035,0.404388627,0.450576882
3,109901,0.89935701,0.942014093,0.91976916,0.937297069,0.897280445,0.939042768
4,95901,0.878020969,0.917182599,0.87463157,0.908640979,0.86391225,0.916660194
5,221901,0.835574716,0.88075776,0.853670172,0.89084324,0.825778932,0.883578226
6,57814,0.37944209,0.405265821,0.382478837,0.398987264,0.387477816,0.41849837
7,14901,0.871602352,0.916080395,0.88206804,0.915272358,0.857518871,0.909741555
8,101810,0.832265823,0.886521529,0.438002372,0.444159764,0.673767998,0.729583166
9,57810,0.796764283,0.851262476,0.8426207,0.885537462,0.765497542,0.842720886
10,101849,0.73025752,0.760192677,0.600223414,0.615725281,0.689958476,0.75011259
11,180903,0.853594761,0.916014946,0.85101581,0.898083706,0.701307335,0.773412215
12,57806,0.79337535,0.854127488,0.824477852,0.870802291,0.788765726,0.854885516
13,178901,0.840229599,0.912709472,0.874181501,0.911356826,0.810741528,0.899817026
14,15901,0.882148382,0.94839789,0.883442691,0.936417088,0.858665256,0.937371887
15,250906,0.851002259,0.903465172,0.854692644,0.910017796,0.84643634,0.908620976
16,209901,0.857682289,0.899859911,0.872574686,0.901459932,0.838429403,0.906354743
17,101902,0.822363404,0.865636139,0.854767571,0.881541996,0.799983708,0.860453477
18,184907,0.900980521,0.953329494,0.918013329,0.949487204,0.899993496,0.955265737
19,125901,0.826808162,0.876647797,0.834064882,0.875358555,0.793427246,0.863564154
20,101903,0.838210139,0.879276195,0.855910314,0.884649404,0.810496023,0.871901382
21,101815,0.734401684,0.937534019,0.739446331,0.786131221,0.827953267,0.933547064
22,43901,0.910483019,0.946639262,0.931780275,0.959307389,0.892629465,0.942122127
23,22901,0.849595111,0.915718854,0.864630683,0.916483759,0.841279676,0.918825574
24,37901,0.871268797,0.895651544,0.872789881,0.894002376,0.852619015,0.894070736
25,126901,0.847122268,0.886093851,0.844686146,0.886348596,0.847506754,0.897900634
26,20901,0.863476917,0.915608567,0.874474969,0.912240017,0.844310246,0.916086341
27,249901,0.887314786,0.927535333,0.895080484,0.928643894,0.881388099,0.927317145
28,188901,0.865391786,0.906692624,0.87613211,0.904871143,0.853919771,0.904394296
29,84804,0.856461136,0.913401891,0.817239396,0.878302807,0.643838369,0.867781527
30,140901,0.796539835,0.871462229,0.827614875,0.875162109,0.782639778,0.867702
31,101819,0.911269194,0.926177239,0.908848264,0.907673823,0.902618302,0.921805483
32,36901,0.855262397,0.8916628,0.894206884,0.908045604,0.844954482,0.892644761
33,93901,0.899508834,0.925940233,0.902880428,0.91463518,0.877631468,0.923521546
34,2901,0.866774718,0.908448478,0.866415122,0.896910213,0.85203594,0.907126134
35,20902,0.872278843,0.915211911,0.864601959,0.900412403,0.850623391,0.909462098
36,43902,0.852794615,0.902041876,0.875924451,0.907085713,0.848222367,0.899085485
37,127901,0.846320578,0.895605424,0.852254132,0.895294464,0.825542529,0.893341134
38,71906,0.847859194,0.887314417,0.87514679,0.8982854,0.806850782,0.87297629
39,110901,0.82704002,0.879476048,0.80315371,0.859158101,0.798856809,0.877984802
40,228905,0.84944673,0.903372629,0.852457008,0.891766553,0.817950547,0.894890955
41,109912,0.873567587,0.90785701,0.891518454,0.925062952,0.864041507,0.930480763
42,4901,0.837498916,0.884779855,0.854610865,0.886087842,0.81852192,0.889492848
43,205901,0.823792373,0.891199576,0.850189179,0.892395304,0.819325898,0.89366571
44,5901,0.926951179,0.943716622,0.911176955,0.946759867,0.897369335,0.948244597
45,61910,0.921204975,0.94975323,0.907299423,0.942003809,0.903412447,0.947958257
46,101803,0.869311891,0.938558445,0.866367142,0.925315973,0.864482007,0.940247725
47,220802,0.743554112,0.946182224,0.908648828,0.951224115,0.718008414,0.936422525
48,220901,0.844064719,0.893985295,0.863451613,0.898390507,0.812900558,0.884485914
49,212901,0.853372599,0.902245259,0.861793136,0.902383662,0.836500076,0.902201166
50,21805,0.582664105,0.605040076,0.581186301,0.601671272,0.547290206,0.595146221
51,217901,0.88018111,0.921199726,0.863011983,0.892216412,0.848032785,0.909428636
52,107901,0.861120108,0.899252368,0.866847588,0.889774968,0.842093959,0.893976342
53,34901,0.861792536,0.909422124,0.870331212,0.914960654,0.849910179,0.913279489
54,61907,0.865159401,0.915581412,0.884144112,0.920507809,0.866032794,0.925929716
55,227825,0.812491719,0.849521517,0.813988733,0.853205542,0.662754496,0.848850383
56,227821,0.828327797,0.927550205,0.842790726,0.924077736,0.794976802,0.900770694
57,227901,0.859581159,0.917963472,0.871343727,0.915042384,0.820413566,0.900955173
58,196901,0.866284506,0.894487785,0.862465745,0.919661947,0.832996946,0.890621764
59,70901,0.832188261,0.873873349,0.870917448,0.897486157,0.839024568,0.889904054
60,194902,0.890049272,0.916939496,0.879334916,0.913461655,0.718179432,0.917752681
61,34902,0.855169774,0.907168542,0.833274713,0.897607489,0.8248858,0.912643533
62,161918,0.860568389,0.913601621,0.871311722,0.907638146,0.842347359,0.915472823
63,220915,0.868663196,0.909740006,0.868270258,0.909354293,0.842254481,0.907081217
64,30903,0.857535874,0.894904196,0.862713862,0.896210653,0.860092892,0.907741385
65,200901,0.8502908,0.904960173,0.848143227,0.895884291,0.834974304,0.901609423
66,195902,0.680733045,0.73011517,0.820780995,0.870343521,0.660972389,0.717562385
67,10902,0.836448292,0.894233862,0.851262757,0.894482465,0.832056094,0.900352233
68,25901,0.867205504,0.913852781,0.860714112,0.906215625,0.866466026,0.925184219
69,178913,0.870244432,0.917079014,0.890502534,0.912981704,0.844589955,0.917693472
70,36902,0.919233211,0.945849509,0.923914595,0.942700513,0.913799828,0.951173492
71,14902,0.81198551,0.867511089,0.834048626,0.877032724,0.786609135,0.870308099
72,15834,0.960705284,0.977792046,0.951825316,0.967841497,0.931520585,0.970134158
73,11901,0.828010234,0.873119627,0.849671561,0.878647952,0.809343839,0.871357422
74,158901,0.840263819,0.878728001,0.856648877,0.886068615,0.82687197,0.876230833
75,101847,0.849983734,0.909027385,0.872431885,0.915389244,0.827750766,0.917996219
76,123910,0.809230986,0.8607487,0.820936874,0.866520558,0.788964297,0.855734912
77,183901,0.895096924,0.929955175,0.889972799,0.925166853,0.881900595,0.932401251
78,13901,0.841663008,0.895616401,0.839240618,0.883674867,0.821551205,0.891729203
79,39904,0.854705655,0.911594159,0.720929401,0.928840187,0.706732795,0.940595041
80,91901,0.895634456,0.925747533,0.903062602,0.920001421,0.890156144,0.923221577
81,8901,0.840129199,0.894694296,0.869940032,0.913447606,0.832058792,0.900872034
82,14903,0.851211201,0.906771921,0.877080947,0.915433318,0.840314403,0.907788123
83,125902,0.832421063,0.894736724,0.873159309,0.901351198,0.823361576,0.901507063
84,66901,0.683538776,0.736366009,0.852029856,0.900558532,0.799787609,0.888955771
85,138904,0.891668997,0.927445958,0.88136429,0.918677699,0.865894649,0.934115418
86,101870,0.875090376,0.935254768,0.886347098,0.944418555,0.854330701,0.938993115
87,15809,0.80142449,0.842348194,0.839158601,0.865655255,0.783976917,0.854688504
88,230901,0.864043898,0.909615482,0.876864072,0.907226227,0.85815516,0.901700744
89,187901,0.866374357,0.902518113,0.86087873,0.899022353,0.846565712,0.902427275
90,114901,0.847135745,0.87978336,0.835465015,0.86641351,0.829127128,0.876508296
91,193801,0.780435566,0.846703658,0.781070521,0.821895808,0.773033243,0.83633735
92,220902,0.864723193,0.908273433,0.882576508,0.913795587,0.848711413,0.906348902
93,178902,0.880196229,0.915589225,0.888846755,0.918701976,0.829331365,0.8993221
94,177903,0.870288331,0.93391278,0.740040027,0.774391407,0.837563638,0.923943005
95,16902,0.866248809,0.909998979,0.884952497,0.926463557,0.853935337,0.91085798
96,116915,0.891366331,0.91368838,0.891401607,0.924699946,0.877056846,0.920684743
97,25904,0.807308898,0.879498752,0.820337511,0.877323024,0.803756089,0.87717558
98,34909,0.865644667,0.911001404,0.846592464,0.891200597,0.848790183,0.908791615
99,175902,0.866904831,0.912228457,0.845025594,0.891447919,0.841404962,0.904725223
100,235901,0.81087865,0.859274661,0.820955802,0.851826983,0.785838697,0.845597145
101,43917,0.864909052,0.916582863,0.886279166,0.910418854,0.874163676,0.916149703
102,72904,0.861204323,0.918174973,0.842216065,0.905731182,0.887520568,0.937040733
103,109913,0.864983395,0.907992857,0.883558596,0.918779843,0.850600865,0.908554117
104,123807,0.720740357,0.908144401,0.606205209,0.765226876,0.681395416,0.891668387
105,130901,0.898861813,0.94050954,0.906889623,0.945458233,0.885012745,0.939494184
106,116916,0.843511249,0.891254794,0.86895032,0.910266357,0.84035634,0.905965192
107,241901,0.858925579,0.89759961,0.861023373,0.894949936,0.851636105,0.903669681
108,74903,0.847406371,0.898349809,0.849823039,0.892423753,0.837252873,0.895066079
109,148901,0.895582634,0.924357381,0.90306449,0.914889086,0.896408517,0.926805839
110,17901,0.909208006,0.936334135,0.885149713,0.937833332,0.885009453,0.949759505
111,117901,0.864020645,0.903136102,0.863815374,0.899205829,0.854722768,0.902693458
112,161923,0.872667435,0.927772389,0.875136078,0.922840188,0.845105067,0.923046597
113,185901,0.857644902,0.881666209,0.838583569,0.872825349,0.826689425,0.875952958
114,169901,0.836760326,0.892262809,0.859770295,0.895525467,0.842319381,0.900665942
115,249902,0.845499747,0.894117551,0.857098405,0.89324556,0.843970745,0.899497878
116,180901,0.857254005,0.912896783,0.844873728,0.889019292,0.73827446,0.781280936
117,136901,0.853326788,0.91220947,0.860233377,0.903599565,0.844726416,0.918998166
118,160901,0.864342067,0.900254384,0.873113734,0.902092977,0.861646004,0.903200477
119,8903,0.872308232,0.903394897,0.864819718,0.892724008,0.867281704,0.907607358
120,213801,0.661762326,0.693613006,0.767593036,0.800684668,0.658696334,0.711300384
121,21803,0.861846679,0.895733204,0.840802936,0.863228922,0.27793389,0.404769534
122,20905,0.863502421,0.904454933,0.872705041,0.900403949,0.854244532,0.906643369
123,215901,0.8636472,0.893640324,0.848757777,0.886420676,0.847423456,0.888169891
124,198901,0.865199463,0.91069892,0.866898165,0.909768153,0.842377289,0.917521737
125,239901,0.861905126,0.896919921,0.880528285,0.902390284,0.865933019,0.902837404
126,181901,0.868588181,0.920934414,0.875862518,0.914974613,0.851685712,0.921002844
127,249903,0.849290751,0.90015582,0.859600823,0.889610612,0.845146852,0.900725087
129,203902,0.881679891,0.908306328,0.856276538,0.883970255,0.856372622,0.886125135
130,184909,0.898472375,0.946621642,0.892892336,0.936787357,0.889500662,0.945576801
131,41901,0.865885247,0.923157032,0.864933419,0.923241145,0.843506981,0.91224686
132,121902,0.856899669,0.915449248,0.852048229,0.913209018,0.841450307,0.921109843
133,25908,0.826697795,0.876616928,0.861782263,0.917672992,0.842306024,0.896908978
134,15830,0.819285264,0.894137183,0.836918307,0.884827655,0.797638389,0.886956437
135,24901,0.812799629,0.865211879,0.834227501,0.877728681,0.793110561,0.861683566
136,223901,0.828690385,0.861087225,0.843799759,0.862837615,0.812424854,0.86778845
137,107902,0.882073961,0.911193068,0.871805712,0.903916049,0.859711934,0.909956956
138,31901,0.85399511,0.897603891,0.876045358,0.905493934,0.805499469,0.883456754
139,25902,0.860826785,0.899165261,0.858316341,0.89137836,0.852863521,0.898211768
140,161919,0.843166439,0.88992977,0.850687232,0.891265871,0.826595225,0.884125761
141,21902,0.840412506,0.882153222,0.852253873,0.884604719,0.829513395,0.885103425
142,119901,0.878299327,0.920448867,0.862922321,0.90082453,0.86064756,0.921708119
143,166907,0.662083174,0.85415106,0.8673645,0.893520835,0.78064069,0.844704067
144,186901,0.878997939,0.917040122,0.882575299,0.909029507,0.861126454,0.919036067
145,145901,0.882353328,0.924377591,0.896448625,0.913078009,0.855985005,0.913797793
146,212902,0.898668234,0.941407264,0.903566143,0.929590631,0.893350861,0.935853235
147,121903,0.857548821,0.910775953,0.869634133,0.908890822,0.847524634,0.909939144
148,243901,0.848149363,0.885034296,0.852314106,0.889497241,0.833198669,0.882770981
149,176901,0.81948478,0.870699717,0.861277002,0.892622932,0.815620426,0.874035529
150,126902,0.86813427,0.914028111,0.868481165,0.915950249,0.852423158,0.916892079
151,27903,0.83814355,0.888984241,0.850565229,0.890532282,0.836220909,0.89235367
152,71801,0.874846567,0.91821157,0.897355571,0.924191215,0.832892422,0.909662304
153,239903,0.910862199,0.942704664,0.873558894,0.91399505,0.895205018,0.931021087
154,188904,0.888828868,0.940326923,0.885985797,0.934098836,0.871447979,0.935386254
155,109902,0.886806754,0.922384009,0.867913157,0.888618474,0.874723914,0.924762119
156,116901,0.881088449,0.932414035,0.896552884,0.934274789,0.878681549,0.934796155
157,178903,0.874334479,0.912281795,0.882526191,0.919151877,0.851679804,0.908700106
158,26901,0.873530095,0.912437654,0.849624737,0.899297532,0.851572342,0.908312531
159,29901,0.862531108,0.90031484,0.875356853,0.910187127,0.85549292,0.910660024
160,49905,0.868624512,0.900352009,0.880720552,0.92239497,0.854589783,0.911769129
161,198902,0.818668269,0.869465561,0.819085166,0.873684099,0.802677571,0.866884977
162,101837,0.42952209,0.475231094,0.450139644,0.475338577,0.429444788,0.480962968
163,166901,0.855521039,0.893031255,0.869363001,0.896548257,0.853778271,0.908935493
164,116910,0.811474178,0.861273855,0.832777481,0.870762861,0.792408592,0.858998345
165,106901,0.883542123,0.919928126,0.898958236,0.928337023,0.841619762,0.910649992
166,234902,0.872044584,0.923343512,0.886856205,0.925960149,0.860236572,0.928480116
167,71907,0.85417763,0.909601168,0.87446388,0.908120079,0.819002058,0.8963522
168,191901,0.894819625,0.930073202,0.895914701,0.923066685,0.885294157,0.930520996
169,201913,0.859334737,0.900084087,0.846333501,0.88318781,0.845292464,0.898196227
170,64903,0.833811755,0.881966501,0.848623815,0.880664021,0.802281574,0.869809142
171,220919,0.964016692,0.988086582,0.968896721,0.988951199,0.943463124,0.984996201
172,57903,0.853692371,0.899312565,0.869295316,0.905025754,0.827975817,0.896758094
173,183902,0.862967693,0.901139305,0.857439821,0.900042486,0.845297226,0.900948566
174,220917,0.832698162,0.887060258,0.845522951,0.887512481,0.808146442,0.878385592
175,1902,0.897509423,0.928760046,0.902089483,0.923244499,0.906671753,0.940040812
176,57904,0.822250556,0.877329922,0.850451022,0.891335957,0.805102966,0.888795757
177,227817,0.848812664,0.902437854,0.86454924,0.904227484,0.794471006,0.879512822
178,116902,0.857647981,0.901211851,0.863731072,0.893249777,0.854296449,0.901295785
179,43903,0.889525342,0.943295315,0.903925058,0.945058358,0.865841102,0.94459286
180,210901,0.85973338,0.89457415,0.867839755,0.893312519,0.853633016,0.899773985
181,133901,0.863114168,0.885562844,0.867953878,0.899471357,0.85370998,0.908255743
182,145902,0.854952952,0.916748986,0.868333732,0.914996394,0.842871492,0.920307224
183,228904,0.726461361,0.775847149,0.851349076,0.907851797,0.858630603,0.92163672
184,174908,0.895986063,0.938649526,0.887995109,0.930249753,0.887916708,0.949531429
185,3907,0.863964297,0.903714178,0.874872418,0.907650392,0.849384318,0.909083663
186,101905,0.843121311,0.886830357,0.867467897,0.891419524,0.820937064,0.881597405
187,103901,0.855298074,0.898735186,0.863529997,0.909055031,0.858823382,0.908595811
188,227814,0.921076868,0.965404824,0.926572422,0.960417715,0.894429608,0.94948713
189,220815,0.83322268,0.891997571,0.575329135,0.593163433,0.811802305,0.894067057
190,212909,0.825494034,0.887399784,0.846177036,0.88717773,0.817202728,0.889155797
191,225906,0.889145536,0.926085984,0.888760972,0.927289163,0.871783771,0.924208226
192,7901,0.854684202,0.882909982,0.857320282,0.883124652,0.848700778,0.887433736
193,206903,0.837322657,0.926773351,0.870032638,0.921243554,0.695696376,0.763972063
194,229906,0.865975915,0.914950601,0.836618638,0.88142169,0.843054315,0.911218294
195,249904,0.847513556,0.89702222,0.87906394,0.914470175,0.841008151,0.897641888
196,38901,0.89265135,0.920225566,0.896691851,0.920049862,0.872617307,0.913708526
197,99902,0.836873752,0.873722205,0.851978209,0.887708376,0.832914188,0.893622127
198,73901,0.843283914,0.904761278,0.851077432,0.896610119,0.814838806,0.904948581
199,161920,0.884020083,0.929566123,0.892300374,0.926213805,0.881530429,0.931246128
200,174901,0.848336433,0.891908262,0.868857397,0.902893705,0.832931198,0.898422796
201,139905,0.871061855,0.922448791,0.880805977,0.932794742,0.861303077,0.932625745
202,226901,0.885964771,0.942184965,0.868046126,0.915052581,0.866639019,0.928960662
203,67902,0.877693438,0.927072203,0.874181443,0.921133761,0.87306949,0.93460911
204,243906,0.855903192,0.902396919,0.853119786,0.895846759,0.843306335,0.898947681
205,57841,0.811159727,0.863037607,0.847074712,0.879699247,0.803171962,0.861430198
206,65901,0.870978012,0.919524289,0.879370598,0.925143083,0.866318844,0.922676554
207,194904,0.816565854,0.868352196,0.850991459,0.877164791,0.815248242,0.872647705
208,6902,0.910377997,0.935569051,0.896903312,0.917003618,0.911909625,0.947057612
209,84910,0.87792824,0.928155157,0.887207751,0.929515978,0.860878383,0.92660661
210,126903,0.844990302,0.889695744,0.847039137,0.883165598,0.834603656,0.888257464
211,146901,0.819480113,0.863030142,0.84850846,0.87682131,0.814895553,0.871482999
212,18901,0.855927761,0.913113358,0.854805279,0.902875959,0.849321434,0.908066303
213,71901,0.833412855,0.876377918,0.860524581,0.886551424,0.792125943,0.853357863
214,30902,0.858071103,0.907433609,0.867308579,0.902225119,0.846344359,0.900036716
215,114902,0.848793103,0.89683019,0.84645901,0.888831703,0.831386211,0.893197428
216,204901,0.829895347,0.874491762,0.834572128,0.870177882,0.807590581,0.86709204
217,42901,0.852212136,0.903839207,0.842072751,0.876955208,0.849821562,0.907458026
218,21901,0.88613305,0.924759241,0.890519919,0.923458099,0.87563695,0.929756328
219,91902,0.849362599,0.889259194,0.86635382,0.906564673,0.84064932,0.90569856
220,229901,0.842457725,0.895949233,0.849954382,0.894338116,0.851245849,0.902336524
221,168901,0.854296999,0.895800136,0.861728451,0.885250532,0.839497279,0.885252384
222,20907,0.860323647,0.894432973,0.854924141,0.881669739,0.843765338,0.89061552
223,45902,0.84277146,0.896660848,0.878574312,0.896580972,0.844186547,0.891463572
224,46902,0.892180833,0.934900336,0.900103548,0.9312208,0.877710549,0.934607292
225,47901,0.868220629,0.899914911,0.858202481,0.896257436,0.850300826,0.894963074
226,130902,0.839559729,0.894515144,0.865318809,0.900368136,0.82206575,0.905383917
227,116903,0.82446045,0.873883466,0.835742077,0.877321863,0.809584617,0.87397101
228,43918,0.841392889,0.898894513,0.874888551,0.915110779,0.831792842,0.899522667
229,112908,0.84710435,0.898238625,0.868954739,0.894391729,0.846469548,0.900228447
230,68802,0.862252104,0.912025888,0.881889679,0.921174636,0.863102843,0.927265717
231,15838,0.802761242,0.865395771,0.426466669,0.452502945,0.774674554,0.849731728
232,101842,0.397914928,0.437816862,0.40998699,0.441575351,0.134677419,0.150232019
233,233903,0.862045507,0.925123601,0.87803389,0.931210478,0.839545131,0.929102963
234,161921,0.811042148,0.861711867,0.826593236,0.873866576,0.799214459,0.866587346
235,170902,0.891147025,0.927490093,0.900867251,0.93142862,0.882558634,0.934949784
236,147901,0.873500106,0.909384638,0.883169339,0.911691988,0.844948841,0.898818413
237,60902,0.836613332,0.895251199,0.854781441,0.897612066,0.829459922,0.90050708
238,57922,0.929287847,0.9620886,0.945836835,0.969922949,0.909744831,0.962219163
239,50910,0.734664717,0.902005292,0.86657511,0.899790678,0.848370509,0.908134624
240,178904,0.847544312,0.896756673,0.86638201,0.90002914,0.825595329,0.889258316
241,178807,0.833010254,0.925061954,0.834912481,0.911347818,0.803305658,0.918061153
242,187904,0.856647621,0.900058708,0.838755304,0.877094615,0.833701573,0.889433599
243,175903,0.860780453,0.892177999,0.863662026,0.887105892,0.844426022,0.892904933
244,95902,0.693629489,0.755357896,0.855147192,0.913521394,0.71984439,0.774974735
245,142901,0.855760556,0.888201514,0.857970083,0.888902562,0.833439709,0.886771449
246,246914,0.86174762,0.904302603,0.885866273,0.927877416,0.852662323,0.929072311
247,109903,0.841284692,0.906136123,0.878836287,0.900241017,0.840390643,0.902903272
248,129901,0.844365727,0.897585495,0.866533401,0.913517895,0.841997274,0.904601003
249,52901,0.847412107,0.889313616,0.844865966,0.887866261,0.832562559,0.883473081
250,18908,0.860915414,0.914202304,0.83809518,0.871330626,0.827681616,0.904125529
251,161901,0.902592276,0.943197282,0.90798405,0.951113606,0.889482917,0.952772855
252,53001,0.877774968,0.911691161,0.844414621,0.878564836,0.862549676,0.898841352
253,113901,0.812911296,0.867852656,0.819423741,0.864423518,0.801271544,0.867724719
254,101906,0.858412172,0.901176555,0.873629165,0.90230156,0.843706854,0.904304944
255,54901,0.831205175,0.883085304,0.83917633,0.87721495,0.80839171,0.88047867
256,30901,0.885672674,0.92317326,0.858353649,0.900364732,0.858073642,0.907480653
257,107904,0.897815409,0.921650435,0.886069816,0.916436794,0.879836123,0.913444731
259,78901,0.8423027,0.898956607,0.837660809,0.871578546,0.813354504,0.874882228
260,220912,0.833403919,0.887964591,0.850166827,0.887624447,0.811825166,0.878847155
261,254901,0.823066619,0.865757544,0.83184621,0.868848128,0.788103475,0.856557445
262,62901,0.855331978,0.8990363,0.857021871,0.899993363,0.837186221,0.899138307
263,55901,0.688411682,0.886755293,0.829133199,0.876682109,0.649576699,0.872727046
264,212801,0.839740495,0.900532618,0.856386787,0.90461877,0.821638869,0.899064996
265,112905,0.827601598,0.893674059,0.853011359,0.900479784,0.824799463,0.903549364
266,174902,0.848044965,0.907078985,0.869897158,0.916034752,0.845347723,0.913449518
267,101907,0.867131197,0.922118016,0.883124269,0.921367447,0.850171388,0.921408034
268,163902,0.892986771,0.950082675,0.878126409,0.931203803,0.865532563,0.945448565
269,172902,0.836705579,0.87633045,0.849638613,0.886566694,0.819916136,0.876753432
270,56901,0.837727897,0.873914261,0.85810736,0.879608081,0.84296651,0.885506261
271,57905,0.847359143,0.892417755,0.862592039,0.889641954,0.825970793,0.888849778
272,20910,0.857476278,0.870540252,0.840515644,0.854731672,0.829646961,0.869890868
273,20904,0.86787612,0.911981609,0.88165033,0.903859985,0.851833801,0.906911326
274,148905,0.810717178,0.858541022,0.83380324,0.858628087,0.801058918,0.858548883
275,175904,0.855295706,0.898999319,0.846138575,0.889315028,0.834143031,0.895736793
276,58902,0.810982466,0.878727223,0.681022267,0.723442387,0.815763553,0.886499499
277,146902,0.836912227,0.879900698,0.850474823,0.878177373,0.834572233,0.889247361
278,47902,0.881779,0.922115277,0.87636076,0.922168988,0.863827597,0.927385626
279,249905,0.847583992,0.905510522,0.864296161,0.906588253,0.844272204,0.90343127
280,101908,0.876877298,0.915747514,0.88775029,0.914357327,0.860350072,0.913613217
281,19901,0.870894934,0.902644321,0.848566394,0.884453696,0.857161977,0.903027841
282,227910,0.825765207,0.873449788,0.833239091,0.869683682,0.79759679,0.867608802
283,115903,0.414733655,0.448981749,0.274289048,0.294664856,0.557076537,0.606705263
284,91903,0.860892878,0.903415,0.868269215,0.906984924,0.850770547,0.909314433
285,61901,0.849470483,0.906410243,0.879207212,0.917078559,0.838759041,0.905633864
286,251901,0.854959439,0.897575932,0.861757144,0.894449034,0.83127758,0.886701238
287,57906,0.82173784,0.880664255,0.836294982,0.879623706,0.792421227,0.871739794
288,194905,0.8650629,0.879093391,0.88586835,0.904798514,0.859110847,0.885519311
289,146903,0.931168285,0.977230144,0.933165669,0.957131909,0.933202671,0.975121693
290,163901,0.854919216,0.899362047,0.861534673,0.899519574,0.841395558,0.911014372
291,81906,0.870793985,0.922340736,0.839393665,0.881272049,0.866244686,0.919210074
292,176903,0.848408079,0.906283447,0.869394651,0.907622127,0.841207294,0.92382893
293,3905,0.862452809,0.898029795,0.87059138,0.893949017,0.858491669,0.895210395
294,84901,0.853550269,0.895609755,0.868819712,0.897061394,0.845784203,0.899355514
295,82902,0.822625089,0.86944362,0.836819794,0.877087555,0.79472069,0.863051777
296,144903,0.822577002,0.87602948,0.835576698,0.850527809,0.822654118,0.885484574
297,35901,0.835730484,0.8761491,0.845599796,0.876327378,0.823332264,0.870183661
299,74904,0.868512057,0.91766668,0.889891552,0.920343084,0.872653897,0.926039948
300,108902,0.83539996,0.870450409,0.856578835,0.878657391,0.780011569,0.847286086
302,174911,0.87810782,0.926383094,0.858528013,0.908887014,0.85991358,0.919629357
303,178801,0.828721186,0.904673409,0.825382998,0.888520054,0.788988605,0.88460435
304,101856,0.825268338,0.862176475,0.858855087,0.87651798,0.785600796,0.851712391
305,105904,0.89820147,0.945791237,0.895108785,0.940292662,0.876539786,0.941046572
306,178905,0.86053403,0.922932342,0.893562783,0.935766932,0.857146937,0.921342941
307,72902,0.896648055,0.934098134,0.891602466,0.922581656,0.878897479,0.925285287
308,171901,0.870011495,0.901882874,0.871869462,0.891800207,0.851522816,0.896182467
309,57907,0.83508849,0.878761665,0.853382154,0.887458811,0.806837916,0.872412273
310,220918,0.851010482,0.906826247,0.867851425,0.910414309,0.832833379,0.899115324
311,159901,0.852288655,0.893011581,0.881376147,0.906847602,0.793268336,0.864145681
312,227909,0.926196302,0.966004571,0.929691939,0.973974122,0.897385397,0.966334757
313,25909,0.884581211,0.930011362,0.868918091,0.920094116,0.867506144,0.93234741
314,241902,0.883515765,0.921032683,0.894310414,0.928289927,0.876391374,0.93009747
315,15911,0.810698011,0.869829007,0.696006574,0.873208964,0.674921014,0.869879195
316,36903,0.863180998,0.908214925,0.87616177,0.909571189,0.867420888,0.918465942
317,220811,0.419380401,0.454812225,0.421784718,0.445212665,0.398039772,0.437970339
319,67903,0.859123195,0.904744262,0.880403744,0.916149279,0.857232256,0.908684716
320,68901,0.839932675,0.87991112,0.839763036,0.876253171,0.813648271,0.873437113
321,74905,0.830832122,0.863397586,0.845877275,0.891843958,0.8223292,0.883343958
322,108903,0.823843008,0.872993046,0.847505285,0.878646266,0.777220363,0.845198394
323,48901,0.851526278,0.883927471,0.836837416,0.868799325,0.819043857,0.875015635
324,234903,0.853587909,0.900814057,0.875044284,0.922864536,0.84184822,0.91313058
325,15905,0.673104842,0.855779399,0.688832913,0.862177887,0.648827853,0.851027234
326,108904,0.861212032,0.903221378,0.877640353,0.907155085,0.810234177,0.886837823
327,120901,0.879992736,0.903958665,0.862543466,0.89411921,0.858260288,0.903675873
328,57833,0.829722707,0.884259371,0.861932334,0.901181267,0.823857587,0.887382228
329,123805,0.8577508,0.914401967,0.869995176,0.909847926,0.844045978,0.912695486
330,241903,0.870132556,0.895020827,0.873543995,0.890544873,0.860689881,0.898920378
332,71902,0.854359803,0.905038381,0.871532586,0.906111651,0.820228961,0.895362658
333,71810,0.398591266,0.432357467,0.43520856,0.4465732,0.403903791,0.437345956
334,15836,0.902688925,0.967229414,0.899265112,0.951499934,0.87149563,0.956132124
335,243902,0.843623798,0.87681544,0.856899942,0.897019412,0.839140056,0.897858222
336,11902,0.694147639,0.872066825,0.823545704,0.875290375,0.668499275,0.868437793
337,1903,0.879172426,0.921538699,0.884914618,0.91997975,0.868295757,0.933294776
338,102906,0.879076173,0.924359716,0.880831546,0.917698099,0.867087596,0.930924162
339,70903,0.858042153,0.89975721,0.870653158,0.898739589,0.852589884,0.903203893
340,49906,0.883055882,0.915966617,0.867766547,0.923722776,0.880943918,0.930816555
342,101872,0.547884199,0.58838016,0.140067162,0.147709777,0.406869847,0.440423507
343,174910,0.693982365,0.756939748,0.81082073,0.868378694,0.673677723,0.749077823
344,30906,0.866903126,0.922156054,0.871609677,0.913456725,0.84817859,0.919207115
345,107905,0.867030452,0.915171297,0.872904356,0.913800326,0.8420161,0.914540175
346,121906,0.863682718,0.903426371,0.858647528,0.903124542,0.820351361,0.87830341
347,50901,0.81878426,0.876566401,0.841590242,0.868830715,0.809945078,0.879407439
348,220904,0.836767155,0.883664224,0.849642302,0.886021788,0.808940631,0.883227049
350,101811,0.233204223,0.252972462,0.383763274,0.398707357,0.251129322,0.278629516
351,108809,0.837964943,0.880538723,0.85523928,0.88660684,0.804427838,0.877178216
352,210906,0.819702766,0.885929905,0.853373088,0.893538323,0.673990174,0.74396624
353,143906,0.914333204,0.927901084,0.754343236,0.768813295,0.742782448,0.78382144
354,71903,0.846501419,0.874244976,0.878969117,0.894666661,0.798319961,0.861349442
355,81902,0.852907806,0.901761758,0.858385271,0.902562839,0.83224056,0.900517012
356,128904,0.933808547,0.951168409,0.931517105,0.95046229,0.924509437,0.955011973
357,60914,0.8199302,0.857529095,0.836218302,0.871963355,0.78945024,0.853503002
358,43904,0.852456038,0.92333091,0.874782322,0.917707453,0.844596577,0.916074646
359,185902,0.912895885,0.939652186,0.891816307,0.90878646,0.895602747,0.935608349
360,75906,0.882827588,0.928823343,0.880961662,0.927890376,0.846406963,0.92346432
361,70905,0.719588002,0.893260821,0.846304151,0.885689709,0.705072486,0.883876746
362,75901,0.915176946,0.932651575,0.899419274,0.920866821,0.900752056,0.944831203
363,246902,0.843320037,0.889676773,0.855688589,0.88808126,0.836486217,0.89427534
364,247901,0.847787518,0.900707074,0.86565799,0.897191974,0.830538516,0.887108029
365,178914,0.88260003,0.926574781,0.880994316,0.919343338,0.858443219,0.919963307
366,77901,0.857227804,0.890962122,0.866055661,0.864293879,0.860802911,0.883048511
367,148902,0.842446818,0.883016356,0.888913842,0.91091066,0.846889268,0.907117964
368,169910,0.854346728,0.924679772,0.836124114,0.900100807,0.858526422,0.921625694
369,129902,0.854460967,0.906136224,0.892175967,0.923716588,0.846717628,0.908682588
370,114904,0.871521215,0.920671646,0.868618854,0.916885904,0.850563206,0.914496698
371,79907,0.876514419,0.926822917,0.895194315,0.929304895,0.852670168,0.925637816
372,242906,0.8908717,0.904880491,0.877436837,0.930099313,0.879318401,0.925711632
373,186902,0.843994647,0.881209498,0.839944339,0.879555276,0.815859923,0.873469595
374,220809,0.884737108,0.951832724,0.887925416,0.964558797,0.860719802,0.954918712
375,220905,0.825842971,0.876626111,0.838564531,0.881995188,0.800343461,0.875856722
376,198903,0.91217218,0.946168155,0.913129907,0.935911423,0.903170866,0.943211385
377,1904,0.882437073,0.916959645,0.875969981,0.908203835,0.876032193,0.899712775
378,86901,0.862087635,0.901808445,0.874074743,0.911675817,0.857733615,0.916985521
379,66903,0.848123078,0.891190394,0.847413908,0.882556274,0.83458561,0.885167747
380,152907,0.876565739,0.92799301,0.882193541,0.920372118,0.86361288,0.92906343
381,84911,0.912558309,0.95308207,0.918832929,0.95276144,0.891443152,0.95083475
382,185903,0.832832345,0.884142255,0.870374761,0.892230656,0.82582715,0.891125214
383,43905,0.912294444,0.955608817,0.925472378,0.956216597,0.892561425,0.952028032
384,175905,0.854091482,0.892863096,0.85599668,0.899476872,0.843088439,0.909419859
385,234909,0.843800766,0.899627469,0.845370703,0.883624602,0.814273583,0.880839065
386,122901,0.835135856,0.888816343,0.829687148,0.881126644,0.815689206,0.886232099
387,115901,0.840953749,0.891738303,0.845319278,0.889385235,0.7936763,0.874851467
388,15914,0.869475613,0.929096853,0.883420059,0.932899816,0.847846175,0.923800838
389,49901,0.837400239,0.870946181,0.858837995,0.876251053,0.829981471,0.879602831
390,101910,0.858969969,0.897963081,0.868904627,0.895375338,0.829113412,0.888612039
391,84902,0.843196386,0.891706327,0.869613223,0.903942953,0.832903821,0.894821513
392,120902,0.871261052,0.919386165,0.859799898,0.912489189,0.853485352,0.90210956
393,57909,0.853353179,0.904568062,0.871258848,0.910124406,0.821142636,0.896201698
394,184911,0.845653793,0.882660185,0.866500378,0.915584619,0.81778231,0.886802754
395,174903,0.863216921,0.919371005,0.873593789,0.903630886,0.860580358,0.924485302
396,183904,0.856770586,0.905238154,0.879943265,0.91106091,0.843319662,0.915689758
397,50902,0.861478055,0.904968012,0.852744014,0.897849555,0.849513053,0.909137493
398,57831,0.823293959,0.882962166,0.848883554,0.88591602,0.811259003,0.87724421
399,166902,0.875630948,0.931504962,0.881823398,0.92059312,0.851798424,0.919133777
400,15802,0.812585876,0.858888446,0.862345035,0.884575677,0.806490815,0.873090155
401,101804,0.393746835,0.42862552,0.409906545,0.431517882,0.394805511,0.432035769
402,149901,0.895376475,0.93574273,0.897121178,0.928062581,0.881087481,0.939962368
403,246904,0.842222006,0.896648554,0.841674307,0.894018275,0.828623652,0.897520786
404,161925,0.839576766,0.888269796,0.870880721,0.900893756,0.849041,0.89245672
405,144901,0.859212861,0.90364012,0.862397709,0.893147442,0.844389693,0.90579359
406,230902,0.86933041,0.904282923,0.872233902,0.890313754,0.848840184,0.889877265
407,92901,0.842927721,0.885267994,0.852291026,0.884593995,0.82031162,0.887303899
408,87901,0.920075033,0.952509986,0.92369938,0.946437789,0.918183591,0.952363733
409,213901,0.869996653,0.932379242,0.884334133,0.933302403,0.864840005,0.93433731
410,126911,0.854294367,0.893378992,0.849167321,0.887183127,0.845578973,0.901394166
411,169906,0.697355304,0.757544772,0.830120411,0.883938847,0.829170889,0.889240205
412,57835,0.8568306,0.90065018,0.88677017,0.90512057,0.849268566,0.902404875
413,167901,0.91150407,0.94236437,0.903326653,0.9355522,0.897570373,0.946950294
414,88902,0.849387514,0.899952072,0.866072334,0.896510198,0.840173776,0.902950556
415,89901,0.842951779,0.88276411,0.8495662,0.88470516,0.834843154,0.88889805
416,187903,0.828272227,0.87969811,0.871316555,0.872843368,0.840907518,0.892476471
417,246802,0.834787342,0.896413578,0.710478957,0.75101205,0.794791751,0.877778329
418,101911,0.855740599,0.893608083,0.867126618,0.893524718,0.840331409,0.88947203
419,182901,0.844741763,0.902113011,0.896036606,0.914026067,0.835046435,0.902735006
420,67904,0.857856859,0.90548799,0.846544075,0.881739218,0.837181533,0.895793375
421,156905,0.895462784,0.957337945,0.898963969,0.946637475,0.887365333,0.964653903
422,182902,0.841248086,0.883058137,0.843353768,0.881571656,0.844265419,0.895906405
423,252901,0.86871001,0.900285955,0.848578699,0.892775283,0.862294986,0.905457023
424,111901,0.876069439,0.917720585,0.865817735,0.893461438,0.862876157,0.914000776
425,57910,0.84999745,0.897006757,0.87052844,0.901516646,0.824539656,0.888019196
426,234904,0.855008297,0.888486188,0.855521879,0.887429284,0.83557685,0.885016926
427,238904,0.797328569,0.846457412,0.813041985,0.859737241,0.808642011,0.869040765
428,126904,0.891887611,0.92128276,0.901132118,0.927967375,0.887046849,0.936236202
429,90905,0.435599899,0.467986053,0.575911856,0.599777741,0.422867486,0.452431771
430,246905,0.837877317,0.890023971,0.853115641,0.896511506,0.82575951,0.881615152
431,226907,0.843570239,0.885590897,0.848161748,0.867903268,0.823515175,0.872391229
432,113902,0.857744384,0.895111176,0.8477399,0.885321367,0.830647106,0.893585877
433,220906,0.892050656,0.94409583,0.899467192,0.942886798,0.863829533,0.935337067
434,15835,0.868462386,0.931568497,0.906236511,0.94176241,0.858510014,0.937237852
435,116905,0.827335924,0.872299073,0.83728188,0.873474436,0.804963014,0.861694604
436,165902,0.864901886,0.909045714,0.85368824,0.901574343,0.85119246,0.907892407
437,205902,0.86846486,0.911212115,0.889385501,0.915239329,0.855756733,0.905364832
438,147902,0.853776448,0.894348353,0.85373725,0.895666363,0.821501051,0.880168657
439,33901,0.897693984,0.939146468,0.895644776,0.918393698,0.751650957,0.788941013
440,228901,0.873004403,0.918437988,0.866863603,0.9052019,0.848375049,0.909228955
441,98901,0.935680015,0.936853239,0.927957451,0.930549909,0.924948454,0.944978946
442,91917,0.879609339,0.93262079,0.87865555,0.9266362,0.861903377,0.934249482
443,47903,0.863966447,0.889070626,0.86845474,0.880698414,0.856523067,0.890603068
444,135001,0.889909633,0.943230597,0.911115662,0.954627559,0.889099057,0.952526395
445,95903,0.839013845,0.895397824,0.845905785,0.887290065,0.829536511,0.896604253
446,143901,0.894422302,0.90955503,0.880762882,0.904158397,0.870803435,0.907411195
447,161924,0.590592363,0.602363154,0.578230887,0.605578956,0.565785806,0.609580558
448,102904,0.837013802,0.889476311,0.846506326,0.889089637,0.834600502,0.900836288
449,97902,0.876950058,0.922888278,0.87404428,0.910563802,0.868462713,0.919364289
450,127903,0.837285222,0.867778147,0.850366075,0.892984755,0.831572565,0.886964443
451,123914,0.85738535,0.907219976,0.869775627,0.919218904,0.841028176,0.913434229
452,219901,0.884435355,0.915827267,0.900692138,0.921154914,0.877526804,0.929609168
453,146904,0.841110117,0.895843598,0.844718097,0.883016527,0.84263995,0.903944583
454,100905,0.870089002,0.912366352,0.88200728,0.91332931,0.865509261,0.915584739
455,15904,0.827476691,0.879884801,0.853024949,0.884357088,0.803939403,0.874427707
456,102905,0.880447083,0.93213688,0.898311508,0.925634127,0.877499957,0.93671514
457,31903,0.845859446,0.897751202,0.87223573,0.904343909,0.812995178,0.885875279
458,230905,0.884549633,0.928826224,0.880166872,0.908656079,0.871364293,0.918460162
459,101858,0.86785892,0.910016405,0.885248953,0.919851092,0.827915612,0.898712389
460,101862,0.909188186,0.940597482,0.92161627,0.94949398,0.863147601,0.923720387
461,71806,0.864700439,0.908689568,0.884970757,0.907227788,0.818566299,0.88759483
462,15828,0.83716982,0.883902799,0.860960591,0.893319485,0.800111434,0.871518979
463,101846,0.861066986,0.906076316,0.877024881,0.905367765,0.820385606,0.890033065
464,227816,0.865467841,0.903442998,0.875366872,0.902164578,0.823009967,0.885640117
465,86902,0.883969919,0.919457096,0.902386085,0.922217565,0.88549101,0.936164639
466,244901,0.854679282,0.908615715,0.845960541,0.890141766,0.832790592,0.893301742
467,35902,0.883434974,0.934652504,0.866877631,0.904626227,0.88194575,0.933766611
468,103902,0.905485197,0.933891736,0.889810424,0.912552178,0.89057378,0.918359725
469,225907,0.862226999,0.908335731,0.858678065,0.901354581,0.857300961,0.906093912
470,104901,0.858082774,0.907055046,0.853641571,0.892029499,0.821979954,0.892961182
471,250902,0.867238583,0.907924391,0.882114359,0.913268328,0.855257006,0.91034636
472,127904,0.846359025,0.893498734,0.858335033,0.892473751,0.826684063,0.883017478
473,105906,0.857085997,0.911661893,0.86870093,0.905784333,0.836013125,0.90336737
474,198905,0.805409111,0.856273629,0.823492129,0.849237232,0.780163248,0.842235208
475,65902,0.881074043,0.928183259,0.896474923,0.912266298,0.863061669,0.923667805
476,202903,0.86550425,0.914388283,0.850149123,0.891974067,0.841834878,0.908375167
477,237902,0.805463725,0.849429632,0.817025743,0.848241689,0.796921012,0.843720937
478,201902,0.825940615,0.872122577,0.873044988,0.903900114,0.825006397,0.885444178
479,39902,0.859038026,0.906492271,0.896168338,0.921331109,0.860648447,0.917679023
481,59901,0.845251977,0.88314306,0.856604862,0.890278388,0.848041484,0.899916431
482,15815,0.84677619,0.887423773,0.839597555,0.870426724,0.814166033,0.878368725
483,208901,0.820630097,0.884654611,0.83539091,0.864987996,0.809552083,0.892131922
484,97903,0.861829654,0.91673943,0.882636031,0.92369649,0.850815183,0.929647828
485,108905,0.871502767,0.913978892,0.89547151,0.915464761,0.816734455,0.889510333
486,84903,0.872293045,0.925203989,0.898573784,0.927587574,0.850122184,0.91440328
487,220819,0.843377813,0.909423231,0.84136583,0.902492921,0.819408485,0.904418909
488,177905,0.913999713,0.928101944,0.924464873,0.953507862,0.912375644,0.949417633
489,57911,0.928358406,0.967082392,0.94421368,0.975223833,0.918997065,0.974904019
490,188903,0.865580807,0.910567995,0.871917708,0.911369041,0.843416658,0.903991575
491,109904,0.854425924,0.900535075,0.859628178,0.887886292,0.857063201,0.901190047
492,84908,0.824552381,0.872809929,0.828487499,0.87573627,0.811468447,0.869151222
493,14905,0.891266042,0.927877928,0.901551823,0.930219304,0.868131835,0.928878388
494,5902,0.890235877,0.923001105,0.887027999,0.92610525,0.874855737,0.931572527
495,163904,0.833749381,0.888831189,0.854322591,0.891457985,0.835373642,0.895402153
496,74907,0.889776775,0.921013655,0.865438742,0.892861277,0.870625437,0.919696108
497,19902,0.874119367,0.924330236,0.871513288,0.911760909,0.848552176,0.922366081
498,108802,0.839450875,0.901446323,0.869070021,0.908552981,0.676748767,0.750747893
499,101828,0.940835418,0.954711701,0.947656002,0.944947437,0.894707202,0.944642577
501,101912,0.853728543,0.899623098,0.866080418,0.896027029,0.818311286,0.888242264
502,91905,0.868054565,0.912145752,0.871935651,0.913152566,0.858229981,0.921363175
503,19913,0.598442607,0.606224175,0.700046347,0.738517181,0.863999865,0.910672195
504,109905,0.85218567,0.910697619,0.850515716,0.899013064,0.829965477,0.912048745
505,72908,0.879082018,0.930848289,0.738203013,0.929975158,0.843897094,0.938968637
506,3902,0.8934963,0.919417335,0.904766945,0.920217751,0.888486817,0.92910369
507,101925,0.851349955,0.89629597,0.85312701,0.901255443,0.828614383,0.890883361
508,34903,0.863838179,0.916465434,0.862718162,0.905637576,0.849060784,0.909354307
509,146905,0.825758928,0.86126677,0.832592264,0.877533164,0.795141417,0.877119116
510,101913,0.849331561,0.905859782,0.870049194,0.912929717,0.84157262,0.909253498
511,133902,0.890943163,0.934775107,0.891015306,0.927644778,0.884348936,0.945403432
512,3904,0.864690056,0.899532876,0.880630079,0.902210673,0.857868983,0.904481775
513,236902,0.828933542,0.893987737,0.836327987,0.8857048,0.820940362,0.885677382
514,220916,0.889102355,0.927115869,0.893830341,0.919801225,0.859942409,0.917958758
515,246906,0.846447915,0.906638858,0.863249346,0.90573393,0.826731768,0.899657442
516,152910,0.909464736,0.935765028,0.898252633,0.923023142,0.890649404,0.926276942
517,43801,0.925188249,0.962004364,0.932817706,0.96329958,0.89772136,0.961543742
518,120905,0.911057028,0.952204931,0.89549998,0.929185602,0.882945162,0.939593591
519,205903,0.874203333,0.914669201,0.870646482,0.903134866,0.850272796,0.901696831
520,133904,0.879047423,0.908501801,0.870095919,0.898535988,0.874957332,0.914755583
521,15808,0.813439184,0.893811279,0.810325093,0.881121468,0.802573991,0.887572066
522,57830,0.814184082,0.860741129,0.843809924,0.882462184,0.794568342,0.861116387
523,57848,0.826439309,0.884562853,0.850333439,0.895113574,0.806120821,0.875696422
524,93903,0.892359871,0.935056741,0.887996213,0.914142651,0.876894058,0.923220319
525,243903,0.885029149,0.92135249,0.887825324,0.916404422,0.876821024,0.916543923
526,208903,0.912522002,0.947334588,0.911755818,0.932760063,0.90184782,0.958835538
527,186903,0.835101719,0.885386059,0.860571987,0.901457794,0.823545796,0.876551447
528,18906,0.883443557,0.921578217,0.855061788,0.886123828,0.836914825,0.89410957
529,118902,0.891821254,0.935361786,0.878101131,0.928400695,0.869764926,0.950615648
530,57912,0.829588837,0.871570459,0.860738688,0.883446181,0.803224565,0.865419885
531,70907,0.839374961,0.884585153,0.855114314,0.899162522,0.827899062,0.890895301
532,109907,0.819281101,0.878715769,0.838095545,0.887201975,0.821348376,0.886842542
533,119902,0.846942191,0.894918429,0.867294684,0.896820334,0.849542461,0.90077036
534,37904,0.837471733,0.889466798,0.847174702,0.890815206,0.830582266,0.895328889
535,246907,0.821137252,0.875154785,0.846949763,0.879045487,0.804973109,0.870662607
536,121904,0.815209354,0.856124558,0.83710934,0.877852147,0.807475126,0.864678314
537,132902,0.892103227,0.944439344,0.889890104,0.935257567,0.86093008,0.940804608
538,57819,0.848094375,0.892261163,0.845773018,0.892244312,0.808656405,0.894832358
539,155901,0.827596783,0.879214135,0.828304004,0.884715483,0.811890661,0.880004912
540,124901,0.865280788,0.893134164,0.859125251,0.875536427,0.822009155,0.881020462
541,221911,0.892821713,0.630196495,0.900596144,0.945035031,0.879683863,0.950846531
542,210902,0.881736655,0.917663001,0.881026917,0.917389385,0.864198288,0.905119475
543,16901,0.862915767,0.913687197,0.887421091,0.920097058,0.854121104,0.916900448
544,50909,0.823220385,0.881349451,0.843318913,0.896433811,0.818305645,0.88571769
545,126905,0.881009319,0.92120037,0.886326596,0.915372879,0.867315375,0.921793172
546,7902,0.869067138,0.916314507,0.871628791,0.901840689,0.853361114,0.908992708
547,15822,0.82329859,0.870865985,0.833784646,0.879363372,0.796137769,0.864377572
548,15916,0.836197828,0.892494901,0.855836283,0.893263026,0.809406827,0.883423453
549,134901,0.860057337,0.894356527,0.85247189,0.893615543,0.832828903,0.887323616
550,102901,0.845226951,0.879355384,0.85441953,0.885811761,0.824258001,0.881588639
551,128901,0.838453534,0.887118646,0.859879856,0.890327023,0.81501183,0.88419549
553,101914,0.897468954,0.940244505,0.906616361,0.943958002,0.88507714,0.946644306
554,129903,0.860985702,0.903099606,0.86822293,0.894440012,0.842947924,0.898487244
555,126906,0.85864217,0.908375547,0.855106476,0.891606372,0.842170102,0.902013275
556,220907,0.880417292,0.923332789,0.896974308,0.935732635,0.864640114,0.922144631
557,242905,0.853200062,0.889707124,0.708879418,0.902189927,0.830318619,0.894107941
558,129904,0.84393053,0.883466675,0.859372836,0.880728548,0.832657419,0.876663467
559,131001,0.592649238,0.61213525,0.598443472,0.607436819,0.582951888,0.621719581
560,128902,0.845449116,0.89111982,0.855882833,0.892715438,0.809700108,0.880944997
561,113906,0.87823304,0.920792524,0.859827271,0.892618878,0.844072147,0.906883274
562,220914,0.844450999,0.900719488,0.872833335,0.916110729,0.821736949,0.894077413
563,175907,0.849189273,0.887661044,0.857570231,0.880301141,0.839917995,0.893133193
564,248901,0.841703228,0.874506706,0.81707473,0.85901239,0.831285199,0.874067844
565,133903,0.871179214,0.91890411,0.88212172,0.916915467,0.860520275,0.922895198
566,105803,0.64298417,0.679997632,0.745240555,0.788765929,0.762508213,0.823266562
567,92902,0.850923948,0.901208361,0.851728916,0.886687472,0.834596866,0.895919916
568,14906,0.842131885,0.890587079,0.869452809,0.895185883,0.8330102,0.894455686
569,137901,0.831032375,0.868542865,0.839254439,0.868623302,0.795718882,0.858205829
570,227820,0.848145897,0.891327729,0.858550087,0.901472475,0.669832963,0.880747793
571,121905,0.869265116,0.89209756,0.87767488,0.905178689,0.863443274,0.90326064
572,101915,0.868145898,0.917870915,0.879013269,0.916914041,0.851456411,0.916233639
573,58905,0.934048564,0.954452427,0.964476048,0.960022494,0.935958715,0.96104198
574,232901,0.752439161,0.94418049,0.756705499,0.947817131,0.73888243,0.940539094
575,138902,0.889208538,0.901958889,0.884679968,0.902448407,0.882383685,0.901643021
576,18907,0.81484731,0.888266214,0.832892992,0.876749138,0.803706705,0.879063853
577,100903,0.855890285,0.898869358,0.865134399,0.897435566,0.832860638,0.89511926
578,219905,0.84026134,0.88614028,0.856547001,0.891377388,0.834732011,0.89648557
579,61905,0.860053826,0.911416428,0.866647045,0.902072414,0.856679506,0.91576789
580,57839,0.844367937,0.891953356,0.860224562,0.890694324,0.820867324,0.883101679
581,71807,0.463747983,0.461682124,0.409679971,0.438206041,0.276500528,0.291587452
582,31905,0.844457525,0.896392329,0.868792269,0.897783228,0.814081075,0.881688477
583,125906,0.573783493,0.619127824,0.601142508,0.609899377,0.551645504,0.599126802
584,75902,0.84701436,0.904757407,0.873247028,0.903859962,0.839414251,0.904423767
585,108912,0.855806826,0.897483721,0.872500028,0.897715969,0.797041961,0.875648106
586,101916,0.866683083,0.911302818,0.877189626,0.915158438,0.85642394,0.914573896
587,254902,0.842665651,0.89998787,0.851084867,0.896661243,0.800407926,0.876873663
588,161906,0.840266306,0.895972097,0.860260209,0.893725248,0.823979976,0.888664203
589,247903,0.880431252,0.922029292,0.9127471,0.927351466,0.887149865,0.923797066
590,108914,0.826737594,0.878520301,0.840266701,0.882600539,0.791666403,0.858955203
591,15913,0.868170873,0.917590544,0.894030441,0.932707305,0.85054947,0.930360784
592,227912,0.866778839,0.926630083,0.879971065,0.931346639,0.834613498,0.921038313
593,61912,0.852659624,0.901554765,0.872767824,0.910854423,0.830814384,0.897140751
595,227913,0.892651285,0.937450581,0.90805778,0.951356335,0.878722581,0.943414725
596,220910,0.8046315,0.853574852,0.826389649,0.86020836,0.787542401,0.854830014
597,79901,0.88154363,0.927663182,0.893686436,0.929078074,0.86523389,0.92506099
598,58906,0.816960336,0.866914941,0.834096055,0.860827366,0.810304389,0.870032117
599,141901,0.871424031,0.91640169,0.861448682,0.902207848,0.853188752,0.909879043
600,57913,0.838061763,0.883047629,0.871133236,0.892941424,0.811171668,0.878210297
601,201903,0.885429025,0.886702619,0.866323999,0.891671228,0.835479468,0.870027346
602,107910,0.841891642,0.909228603,0.86146642,0.914954239,0.840323724,0.919273506
603,240901,0.849413023,0.892560025,0.878763187,0.900818839,0.803024677,0.874324454
604,245901,0.679659626,0.895322234,0.82859863,0.902311057,0.78262786,0.881059062
605,113905,0.852690153,0.904257113,0.862808364,0.909589923,0.834219596,0.911247558
606,185904,0.703160835,0.751928437,0.854124129,0.906019077,0.843209355,0.902923399
607,61804,0.8640652,0.928912819,0.913901571,0.948530868,0.869312841,0.937717613
608,193902,0.853859251,0.900180855,0.85543756,0.902531739,0.824291571,0.890314238
609,246913,0.876258596,0.931091541,0.902074185,0.939976036,0.857768404,0.931486855
610,19914,0.843502789,0.928063122,0.680668402,0.738119211,0.690246417,0.756383176
611,90902,0.852473854,0.886578337,0.841795724,0.876135893,0.826352531,0.869375807
612,57846,0.813673971,0.871546952,0.841464019,0.8783585,0.775490689,0.857238392
613,187906,0.809616752,0.862408087,0.825321494,0.865629288,0.777982868,0.85641583
614,145911,0.874820576,0.914258753,0.865144291,0.906893263,0.876673603,0.914295538
615,74909,0.860261515,0.906206436,0.858485901,0.904748612,0.84277372,0.912837946
616,110902,0.841168428,0.881228792,0.852189834,0.886721543,0.824002,0.878385434
617,201904,0.862018595,0.89972932,0.881823483,0.894823127,0.840339569,0.905412337
618,61902,0.87672146,0.93137189,0.886311893,0.926676806,0.857674348,0.925863338
619,144902,0.876127893,0.918396283,0.862894997,0.902628128,0.864994838,0.91707465
620,246908,0.871993629,0.925027209,0.896385984,0.9330416,0.854014099,0.923162427
621,146906,0.845390838,0.899569998,0.853927573,0.894533067,0.833816838,0.901111683
622,19908,0.825239305,0.865928449,0.835857983,0.869704278,0.804308189,0.855118169
623,57807,0.833716189,0.888398898,0.838245717,0.890310052,0.812119246,0.885017427
624,15825,0.795182907,0.848788708,0.855593566,0.87349738,0.797989531,0.851121661
625,212903,0.925986122,0.948029882,0.923123279,0.933778781,0.906203492,0.947198627
626,34905,0.856079322,0.906298552,0.831879938,0.891219366,0.837868023,0.907026638
627,49907,0.90370342,0.937271446,0.919674727,0.948428143,0.885108677,0.939808187
628,72909,0.853698924,0.914088031,0.868802618,0.908283591,0.819910208,0.900108714
629,111902,0.88035736,0.930345016,0.881173651,0.909188173,0.870492483,0.925631878
630,181908,0.846905315,0.893221675,0.851533104,0.891411804,0.84022756,0.89630308
631,61914,0.848347177,0.900534519,0.866655609,0.909949356,0.841915578,0.902304104
632,140904,0.847553578,0.892826981,0.871502858,0.893941752,0.839665074,0.895297368
633,187907,0.862409453,0.901017603,0.849798039,0.88249912,0.846993051,0.898157368
634,150901,0.864214594,0.900317674,0.860378849,0.907762432,0.845223455,0.902209065
635,28902,0.847888635,0.883439502,0.849658906,0.877776415,0.822537761,0.879294608
636,77902,0.831748132,0.875505529,0.854081951,0.88067675,0.822120019,0.873356835
637,160905,0.803481397,0.853757207,0.678847717,0.709635384,0.762620868,0.835269741
638,141902,0.820768072,0.868285152,0.85600335,0.870817875,0.817202435,0.875957393
639,178906,0.913028261,0.948444087,0.89110682,0.931622402,0.895860574,0.944213452
640,116906,0.864402757,0.911139039,0.868961551,0.916677536,0.842430541,0.910694983
641,43802,0.46833847,0.466643968,0.30348,0.308593208,0.432320304,0.451354198
642,92903,0.874847952,0.912750621,0.876887561,0.90838222,0.862345099,0.916851336
643,83902,0.860827384,0.922749439,0.856693372,0.923425957,0.851112542,0.919844111
644,168902,0.850054838,0.884899245,0.856796984,0.892263712,0.836621739,0.890681193
645,161907,0.895586951,0.936456194,0.893026697,0.930788167,0.882021752,0.943640224
646,54902,0.820833586,0.867427361,0.837226737,0.871493441,0.824028505,0.865589268
647,31906,0.873395233,0.9129806,0.895661036,0.922088281,0.832918343,0.907029611
648,241906,0.866573187,0.898421136,0.849447534,0.900471048,0.855904284,0.903945314
649,43919,0.951745371,0.969923131,0.962336529,0.976227094,0.940317992,0.966745529
650,113903,0.865785487,0.93124591,0.878580215,0.933324235,0.853876066,0.932018559
651,152901,0.853576073,0.898495964,0.861935145,0.891736638,0.839298607,0.89903688
652,152906,0.887030161,0.923577736,0.893629889,0.920899819,0.874068603,0.922862152
653,127905,0.714690513,0.756459915,0.703656925,0.723510293,0.84102294,0.900518595
654,3903,0.846146148,0.891264265,0.868637856,0.892358965,0.839671613,0.897109415
655,28903,0.846878004,0.88636613,0.833581855,0.871938579,0.820137463,0.877922339
656,100907,0.871962135,0.911990792,0.87853472,0.917560558,0.862031815,0.920581437
657,57805,0.145706146,0.14710014,0.143490528,0.149133793,0.136174017,0.150084495
658,245902,0.824785342,0.887798004,0.856217609,0.894488872,0.793605343,0.875551236
659,7904,0.825860636,0.874561205,0.844132901,0.876645641,0.820060277,0.878036002
660,129905,0.876982957,0.904530448,0.903662217,0.923130284,0.860341102,0.90505843
661,154901,0.880456252,0.913478912,0.881060378,0.906030983,0.869135216,0.922467518
662,170906,0.870079295,0.91530046,0.873806789,0.907429089,0.848247951,0.908620119
663,107906,0.885327582,0.929963409,0.900236138,0.938946277,0.865525263,0.932797918
664,109908,0.828792787,0.873008997,0.842688767,0.891395888,0.818430388,0.877473474
665,19910,0.609721271,0.618241931,0.606269238,0.623141854,0.592526122,0.623511943
666,57844,0.835321079,0.893004495,0.847406199,0.898699307,0.808842329,0.879766201
667,227907,0.821971268,0.876569484,0.847506646,0.886747893,0.799773876,0.866039085
668,220908,0.872620044,0.916421661,0.899336627,0.931240735,0.858911781,0.924233181
669,22902,0.130781499,0.154171161,0.28211932,0.469549772,0.1390681,0.311317916
670,27904,0.846476252,0.897703796,0.85896751,0.90212068,0.834262102,0.901044478
671,189901,0.847385932,0.919487903,0.855734523,0.91144008,0.824984972,0.889575187
672,94904,0.863302301,0.912647237,0.875217472,0.912088249,0.855991761,0.912184112
673,73903,0.831044961,0.86147213,0.805661364,0.836697441,0.813635193,0.864713478
674,102902,0.846548845,0.881035805,0.849839974,0.887846636,0.827100688,0.882836707
675,161908,0.85572563,0.900294609,0.86150696,0.893582364,0.841000497,0.89587862
676,234905,0.87571815,0.913641907,0.879647278,0.921973699,0.879848466,0.923546073
677,174909,0.839312622,0.91040773,0.858756546,0.904670497,0.823903221,0.915232407
678,157901,0.892460405,0.942695119,0.876711924,0.924045059,0.877900752,0.944348815
679,158904,0.694680905,0.755678214,0.849566079,0.878550696,0.677847109,0.729638645
680,205904,0.855548377,0.907831769,0.867224313,0.904061484,0.828626513,0.908071128
681,19903,0.88192317,0.937843978,0.878831104,0.903562404,0.880195414,0.934265288
682,25905,0.848242307,0.911146409,0.841884122,0.898365921,0.831839208,0.905687604
683,70915,0.868120526,0.910826207,0.864218521,0.897692479,0.841716957,0.911088311
684,108906,0.873288519,0.918943722,0.882316248,0.914906284,0.834225539,0.904287837
685,231901,0.838569257,0.884558119,0.848397193,0.878656884,0.821294505,0.879443264
686,11905,0.849359866,0.882276523,0.862199656,0.921169982,0.837703334,0.909550701
687,161909,0.865040634,0.906052906,0.869575504,0.890416797,0.838883718,0.904914614
688,43907,0.881861094,0.926346993,0.896917768,0.930522973,0.86751559,0.93210833
689,90903,0.853970504,0.886604754,0.881266107,0.910617099,0.849434336,0.894267262
690,34906,0.881281818,0.91353515,0.891022683,0.910460908,0.885068646,0.911573017
691,162904,0.909311024,0.935584188,0.891314894,0.942601932,0.900676709,0.94994689
692,223902,0.84418033,0.89213383,0.840454212,0.876222499,0.828123572,0.88674263
693,130801,0.531828034,0.53560281,0.511709962,0.542637715,0.643998674,0.687711934
694,10901,0.848898985,0.905988062,0.854158627,0.901993084,0.834770924,0.908007199
695,163908,0.880420202,0.924673752,0.885137644,0.922638676,0.866757971,0.92863538
696,43908,0.902182504,0.94312298,0.914855606,0.94528034,0.89534619,0.949140377
697,96904,0.860851292,0.904270437,0.857509109,0.894714816,0.834041914,0.900328287
698,164901,0.853456404,0.916673955,0.846405475,0.899554576,0.845028232,0.916253478
699,108907,0.826644541,0.871168906,0.852582497,0.877964258,0.787151644,0.858105039
700,18902,0.829943648,0.886479697,0.855253529,0.901607339,0.826337918,0.894933915
701,246801,0.771354623,0.959171251,0.882796053,0.948262424,0.738678162,0.950129577
702,221904,0.843731528,0.898735646,0.862690075,0.890702792,0.849836425,0.896374918
703,57914,0.848534685,0.887907358,0.859996399,0.889295883,0.83061827,0.883787203
704,147903,0.826538347,0.877451913,0.836139595,0.87555487,0.813355436,0.878263748
705,101855,0.558239383,0.595491768,0.561105375,0.595669317,0.536088717,0.589652369
706,62906,0.897334694,0.942364813,0.878891288,0.929838798,0.86637408,0.925230871
707,197902,0.873799318,0.926605429,0.869600607,0.931713143,0.860093603,0.915311634
708,165802,0.907953697,0.946856749,0.893445024,0.92625031,0.886185088,0.937895927
709,165901,0.854280962,0.895468855,0.85386167,0.887446418,0.836282595,0.892704026
710,70908,0.877582509,0.915641398,0.897477987,0.920374212,0.870984461,0.925602686
711,39905,0.877497945,0.898879273,0.854942046,0.906313953,0.874050458,0.908044598
712,161903,0.898457992,0.939745396,0.911053316,0.943878831,0.888131887,0.939212603
713,166903,0.897683847,0.928913642,0.874823956,0.905976554,0.877239734,0.926210085
714,175910,0.881735507,0.917309673,0.873372346,0.910009688,0.870665933,0.922506105
715,200902,0.920854637,0.932621717,0.926048333,0.936934779,0.892978619,0.935331861
716,70909,0.817977433,0.879718415,0.815066613,0.885633409,0.798332418,0.873806487
717,112907,0.870389096,0.929714954,0.849847019,0.909256265,0.845042171,0.924438994
718,184904,0.877757527,0.90809605,0.885536808,0.906045301,0.878597511,0.916692752
719,250903,0.877475049,0.912404638,0.85980488,0.894789787,0.876829242,0.918501281
720,182903,0.855360485,0.890347003,0.852597213,0.880888057,0.835136416,0.882777655
721,108908,0.839094094,0.890637834,0.872973004,0.904463702,0.793432689,0.87214721
722,238902,0.857626962,0.896160056,0.844447637,0.8732918,0.840773595,0.888238218
723,169908,0.927678316,0.923980462,0.880800407,0.900106622,0.876685419,0.917240137
724,108915,0.856597554,0.890208453,0.865405776,0.888933487,0.80577206,0.876541051
725,227826,0.573414974,0.602615955,0.579745616,0.602138018,0.547629174,0.593850904
726,170903,0.906842734,0.934966207,0.903917448,0.931316263,0.890624231,0.933928347
727,161910,0.845871446,0.901448916,0.840604379,0.8761545,0.825621691,0.901034766
728,209902,0.811510303,0.872594158,0.8026207,0.866830045,0.789034293,0.85091997
729,18903,0.816057199,0.871121938,0.696248277,0.732999678,0.830007364,0.882054375
730,72910,0.858599403,0.920061309,0.867420513,0.930799837,0.855426921,0.911956965
731,40901,0.8311369,0.861424717,0.834207522,0.848163022,0.799603917,0.850158312
732,173901,0.870955398,0.924429429,0.873250541,0.912047437,0.858293509,0.913658378
733,143902,0.899676645,0.919635519,0.883472546,0.910828459,0.88000049,0.93341191
734,109910,0.841212323,0.876788195,0.843902918,0.876006171,0.834096858,0.879498376
735,201907,0.864900869,0.913021796,0.861682268,0.907073394,0.852277183,0.909619144
736,225902,0.864176402,0.905503814,0.868856862,0.898888455,0.854077459,0.905506495
737,80901,0.882014785,0.913761101,0.879579827,0.90115144,0.867575944,0.909642639
738,49902,0.916539582,0.948763128,0.90943142,0.948313271,0.89153089,0.944128693
739,9901,0.83571713,0.875275312,0.843266638,0.874078679,0.830675294,0.877628092
740,167902,0.702782305,0.717574536,0.80015211,0.837847264,0.674537252,0.745736859
741,198906,0.909345126,0.959690893,0.905447098,0.95298174,0.888120881,0.969176784
742,138903,0.868329397,0.910063977,0.873111168,0.895094476,0.85250662,0.910380864
743,107908,0.840835034,0.885587509,0.858354565,0.890502321,0.843182578,0.894871212
744,174904,0.831761397,0.880531739,0.85075036,0.881292686,0.817772251,0.880974061
745,163903,0.830199127,0.877957231,0.833531995,0.878641794,0.807071012,0.882123961
746,94903,0.876115449,0.915371857,0.902814006,0.922139914,0.863724323,0.920993484
747,93904,0.844562076,0.883204174,0.836981553,0.872708546,0.831412411,0.885107012
748,35903,0.922791744,0.957356756,0.914165783,0.954219777,0.883290416,0.952091986
749,1906,0.898686057,0.927802137,0.886837137,0.913077499,0.874519778,0.920346678
750,123905,0.887823219,0.926660004,0.882216332,0.924044333,0.869100974,0.927937412
751,79906,0.897779349,0.935183947,0.881095869,0.924556985,0.877780848,0.934540641
752,19905,0.841309247,0.887023396,0.845568118,0.892072058,0.833957135,0.890901461
753,46901,0.87240164,0.921583759,0.879174952,0.92327421,0.855722302,0.925347302
754,170908,0.847101307,0.891057724,0.865531205,0.894859642,0.830197908,0.884307483
755,152902,0.857319018,0.903528563,0.860336378,0.902395552,0.845935388,0.905806519
756,230906,0.882502382,0.933815241,0.877926904,0.922950543,0.865522431,0.933088167
758,153905,0.916978396,0.962174786,0.918866749,0.949916091,0.899883877,0.949354114
759,37908,0.856242504,0.900028113,0.837983661,0.88884982,0.835027316,0.897030258
760,236901,0.86725904,0.923773059,0.873845746,0.91674592,0.842774938,0.923343699
761,252902,0.867406807,0.911343777,0.878788351,0.909961269,0.868279765,0.91858353
762,220817,0.845928081,0.904709158,0.859215317,0.909702393,0.823610576,0.906867287
763,176902,0.832539322,0.892191638,0.851489881,0.890641839,0.817139543,0.890358221
764,89903,0.852601281,0.900454774,0.85139825,0.892599824,0.833240974,0.896055221
765,169902,0.869195988,0.905664954,0.857990586,0.892504475,0.848657248,0.899914742
766,62902,0.872954614,0.905574235,0.859464651,0.876271219,0.855282332,0.905765856
767,145906,0.858789988,0.896844062,0.868671739,0.911069493,0.849829872,0.905400503
768,15910,0.865411713,0.91758884,0.87455619,0.91612517,0.838331453,0.914162856
769,112906,0.878258867,0.916168103,0.852804188,0.890735736,0.860915048,0.915553259
770,139911,0.859115904,0.895033243,0.876347784,0.904783136,0.855028496,0.906133207
771,61802,0.83709694,0.880915486,0.834873747,0.879253703,0.838171893,0.898060454
772,154903,0.874141731,0.92010066,0.897644076,0.913502351,0.885768915,0.923380032
773,15915,0.843662422,0.902559254,0.868763768,0.91019361,0.820108387,0.897453933
774,244905,0.858535085,0.900583493,0.871288159,0.912765986,0.862719534,0.912736414
775,61911,0.868539622,0.921964814,0.890332713,0.931152775,0.855980405,0.921354563
776,57809,0.283934479,0.281084749,0.279457208,0.290196674,0.272271803,0.29070561
777,57827,0.834381211,0.897418207,0.855277206,0.894364259,0.798467854,0.8778788
778,69902,0.848827225,0.913641714,0.844917805,0.897037513,0.831505166,0.904867366
779,235904,0.484494548,0.478951633,0.448719206,0.453263327,0.461158022,0.483860719
780,227804,0.868221028,0.932459033,0.894085901,0.930135208,0.828866413,0.921171562
781,153903,0.849334922,0.901087205,0.844082577,0.877385255,0.848540456,0.907152408
782,145907,0.843453159,0.889394978,0.877071997,0.907320706,0.824560874,0.890298604
783,205905,0.828522337,0.882591817,0.861737292,0.911764466,0.822501147,0.89878954
784,84802,0.815223735,0.876574658,0.837187332,0.881502035,0.802117343,0.872900105
785,50904,0.847367762,0.912044052,0.843415211,0.889231161,0.838724612,0.912436023
786,200906,0.849245883,0.884974991,0.880477589,0.903569432,0.83575592,0.901202649
787,252903,0.869837067,0.910961904,0.891817182,0.920450482,0.855635462,0.923028723
788,140905,0.846249922,0.900137856,0.869926617,0.908701737,0.85165295,0.905864892
789,187910,0.873364589,0.910192827,0.887050165,0.908695914,0.864510428,0.912058208
790,125903,0.872209734,0.913316702,0.883842307,0.903309564,0.865702721,0.919034295
791,181905,0.869685364,0.912901204,0.85640717,0.906438147,0.854588641,0.913550549
792,230903,0.82729073,0.89259587,0.862284184,0.896639598,0.824909709,0.890473476
793,14804,0.878721529,0.943831884,0.884000647,0.936603997,0.855693174,0.936754244
794,201908,0.862446625,0.913954694,0.861019891,0.894025076,0.837562471,0.89098832
795,51901,0.845526172,0.875413917,0.876982715,0.897209858,0.839156426,0.891484901
796,104907,0.754063462,0.755278858,0.873322953,0.884399743,0.860012336,0.88752842
797,48903,0.832903926,0.893573459,0.827015216,0.860531495,0.805935291,0.877557806
798,158905,0.865176609,0.903795594,0.875937439,0.900494186,0.852750027,0.902770909
799,1907,0.860573933,0.898634712,0.867102098,0.888735617,0.841483472,0.895430434
800,70910,0.881079328,0.919921022,0.887835537,0.913354275,0.859887857,0.918955953
801,182906,0.61696997,0.634320189,0.601904453,0.63124681,0.591879149,0.623707115
802,90904,0.847075489,0.886060558,0.865360282,0.884634394,0.841978221,0.892211498
803,33902,0.912481992,0.935926849,0.907962294,0.931353979,0.910462066,0.946076485
804,183801,0.138371291,0.150520273,0.13353566,0.148198443,0.144473455,0.159340659
805,42905,0.837624854,0.906022498,0.876528707,0.908170154,0.854188334,0.910070342
806,249906,0.888147479,0.931539863,0.891217956,0.917913273,0.877399758,0.93703835
807,139909,0.843857632,0.883689788,0.862768712,0.887072758,0.834187978,0.891010617
808,101917,0.841966465,0.890114942,0.857147871,0.8974827,0.81543838,0.880215325
809,63906,0.583050013,0.619105668,0.869099937,0.883256728,0.844698742,0.91038201
810,13902,0.843201943,0.906326604,0.879283532,0.902913005,0.825625771,0.893092713
811,20908,0.900636391,0.943320027,0.913866357,0.945568039,0.880119069,0.938208937
812,82903,0.813876184,0.864646982,0.830021004,0.873542457,0.78079171,0.849203572
813,184908,0.86328971,0.914879509,0.880385311,0.910729751,0.855152694,0.913996141
814,195901,0.840943236,0.882993911,0.849254496,0.877884053,0.837324793,0.888032982
815,57802,0.810157965,0.86473034,0.8055563,0.862237049,0.762742589,0.843821209
816,109914,0.85491639,0.891239078,0.865644671,0.886745178,0.840050996,0.885035339
817,119903,0.853059687,0.899389686,0.857342755,0.89669008,0.844465264,0.904351969
818,179901,0.876615216,0.916980758,0.862136777,0.895515244,0.868511892,0.915213605
819,95904,0.877640158,0.909772222,0.876206793,0.899904474,0.875059969,0.908055822
820,39903,0.849255511,0.893033675,0.858757415,0.902184376,0.83291671,0.905149662
821,13903,0.851894966,0.898165599,0.842665762,0.894093076,0.828051619,0.892452995
822,172905,0.867334664,0.918576842,0.84095533,0.896604518,0.826052416,0.903981054
823,227904,0.853898664,0.909059167,0.86963884,0.911857992,0.831376982,0.903957291
824,108909,0.849685497,0.89139444,0.868889727,0.895675338,0.796115334,0.870019469
825,61903,0.850469359,0.906660476,0.853203113,0.901334788,0.845982864,0.91008997
826,92904,0.859659361,0.904649067,0.857323617,0.882259858,0.84432361,0.901646265
827,3801,0.882323328,0.922696763,0.881821558,0.925535179,0.870551822,0.922996078
828,57850,0.848836182,0.915388468,0.881923475,0.929773843,0.830730649,0.914541471
829,32902,0.881725639,0.918352163,0.895919654,0.929671028,0.868019818,0.91180399
830,251902,0.843851151,0.880753504,0.829860985,0.86446587,0.825441095,0.879828979
831,95905,0.837470488,0.881724437,0.853650204,0.884196323,0.839917752,0.890770095
832,43910,0.884768839,0.935152835,0.909483297,0.939703498,0.865481005,0.922962093
833,19912,0.903031502,0.95055808,0.903251913,0.930304013,0.890068928,0.947854277
834,7905,0.851028969,0.894514229,0.842233231,0.873892133,0.833165911,0.888104936
835,117904,0.865914219,0.916787754,0.87323801,0.909664525,0.853481386,0.915811825
836,31909,0.839871324,0.897683729,0.857779906,0.903627234,0.807496395,0.887637529
837,61906,0.872752846,0.909098789,0.884914275,0.90718182,0.861795739,0.912708676
838,184901,0.871484785,0.915779252,0.854483083,0.89376949,0.847888544,0.903927767
840,178908,0.88130804,0.93201288,0.888116461,0.934591589,0.864816939,0.930610483
841,123907,0.823894062,0.869332787,0.844737141,0.878880751,0.794759236,0.86092102
842,123908,0.860040707,0.913014808,0.879604479,0.92029283,0.85232887,0.914900122
844,85902,0.842085757,0.875604334,0.85607296,0.886068478,0.834829812,0.890712661
845,7906,0.81750999,0.877380226,0.847620244,0.885035169,0.810660111,0.881070119
846,247904,0.908561682,0.946002777,0.904122494,0.937614715,0.88948177,0.946794374
847,91913,0.849384139,0.911351591,0.876379537,0.916401953,0.846658646,0.915858148
848,28906,0.781528414,0.84116839,0.800580633,0.853278339,0.77840455,0.845041082
849,169909,0.873742013,0.917755505,0.861981053,0.903358175,0.855823824,0.928780845
850,139912,0.873941903,0.922649166,0.86507971,0.907084443,0.874533233,0.920496778
852,125905,0.835866501,0.878690323,0.826909547,0.865630418,0.801647008,0.875766388
853,189902,0.850590844,0.873962684,0.846805415,0.882203389,0.835774275,0.885382388
854,167904,0.849467705,0.884743921,0.894160134,0.903253829,0.837850673,0.895512852
855,43911,0.880403879,0.910065794,0.888713607,0.910807876,0.869613699,0.912815797
856,98903,0.862185593,0.91642742,0.872438704,0.90222701,0.867552341,0.895581214
857,14803,0.834313806,0.903453967,0.855741771,0.8901973,0.822935824,0.897038133
858,108910,0.831878657,0.884536531,0.849612409,0.885403868,0.793640392,0.865694015
859,227824,0.830594123,0.887343842,0.829735072,0.87602168,0.79450427,0.875670889
860,101853,0.830537727,0.866762639,0.859958902,0.870284237,0.80208757,0.86199669
861,43912,0.892958301,0.938775376,0.91521539,0.946542656,0.876219646,0.938073514
862,99903,0.865391863,0.914565968,0.86755807,0.900186716,0.850937552,0.89865523
863,34907,0.861036416,0.898458561,0.859806295,0.910583632,0.841071513,0.906849731
864,116908,0.83978793,0.883436631,0.847126044,0.883417744,0.820688505,0.879455517
865,250904,0.859560451,0.91070521,0.879285141,0.91867552,0.845517089,0.909620432
866,190903,0.830324231,0.885952125,0.855115576,0.894362048,0.819384417,0.879769872
867,54903,0.812482451,0.846681048,0.83653862,0.856948884,0.812880975,0.869738343
868,66005,0.269637662,0.290458598,0.142785167,0.148090169,0.1302589,0.142392966
870,15906,0.89037518,0.940806186,0.919448318,0.946515107,0.885019156,0.951308937
871,67907,0.821771766,0.875027361,0.829286567,0.880358856,0.799745008,0.874572517
872,231902,0.881489121,0.8960768,0.871731598,0.895247225,0.860557744,0.908108729
873,161802,0.824902845,0.889662009,0.85071408,0.897613875,0.804648203,0.884675005
875,245903,0.873345323,0.910939047,0.86540745,0.90111584,0.829630155,0.89777327
876,192901,0.843925539,0.908133843,0.850593054,0.896013213,0.835296454,0.915032173
877,19911,0.903300132,0.956194327,0.917692295,0.953624369,0.881055263,0.946024388
878,70911,0.856731164,0.896117269,0.875958934,0.907232043,0.843184782,0.893142817
879,19906,0.889381924,0.916330328,0.887842579,0.911201,0.872887072,0.913316098
880,196903,0.843107895,0.895498325,0.857428111,0.889268965,0.839307419,0.901527181
881,137902,0.884791639,0.918434717,0.895458446,0.929251958,0.847419504,0.922281619
882,45903,0.859344379,0.896333317,0.856852749,0.887061704,0.84521588,0.888048784
883,175911,0.868177138,0.893150704,0.863091923,0.89103934,0.851480609,0.891967495
884,93905,0.841505877,0.906086566,0.856150672,0.913706501,0.831468163,0.92390071
885,57916,0.855944785,0.907959681,0.87842942,0.914971342,0.844608564,0.908211475
887,206902,0.84349979,0.918531725,0.837555815,0.868161821,0.841763039,0.912124133
888,161912,0.873482042,0.922927865,0.847126592,0.894743228,0.840243294,0.907316735
889,214901,0.830800286,0.877340002,0.862779249,0.889134744,0.781826893,0.851526007
890,31911,0.832053577,0.890738679,0.852377034,0.89378286,0.796037709,0.86883914
891,126907,0.847334779,0.897697025,0.842905021,0.886386122,0.825747411,0.878886313
892,152802,0.910930352,0.950813565,0.915723807,0.94661764,0.897451249,0.941061104
893,67908,0.82528388,0.881435334,0.862598001,0.917695671,0.827507234,0.902880585
894,188902,0.845098261,0.890709331,0.853764261,0.892165517,0.85065984,0.899778425
895,194903,0.886426983,0.907870796,0.881431268,0.903995485,0.865478389,0.909818543
896,137903,0.854785418,0.917790279,0.88224709,0.92395444,0.855387664,0.921864789
897,41902,0.849200247,0.893313998,0.876777606,0.901195507,0.834405033,0.899786929
898,161922,0.877975749,0.926780771,0.881875544,0.921674719,0.864836323,0.920626207
899,178909,0.819734242,0.869773327,0.845176938,0.881742766,0.802115774,0.87017556
900,76903,0.826284995,0.900151275,0.852606516,0.899075573,0.813404047,0.889232044
901,160904,0.931670493,0.945459715,0.878058317,0.910531257,0.92234753,0.934724633
902,166904,0.84810408,0.896118951,0.860361751,0.900573187,0.850581274,0.913082209
903,69901,0.816612419,0.871684018,0.815772752,0.880964047,0.778777286,0.857981559
904,199901,0.888179341,0.932572445,0.900691266,0.93612943,0.86676684,0.926009047
905,14907,0.859327622,0.907953339,0.86731019,0.907807271,0.845630725,0.90907197
906,214903,0.888399512,0.912855724,0.905549222,0.916968729,0.832508341,0.895300194
907,152908,0.83379483,0.874330559,0.851618,0.88097973,0.82709023,0.888514521
908,110905,0.878117482,0.928479714,0.865246416,0.917721347,0.871127043,0.937189775
909,177901,0.664205056,0.868814899,0.862228102,0.89577179,0.664636653,0.884767995
910,73905,0.843614257,0.890972642,0.839495346,0.892630574,0.825167234,0.888100989
911,76904,0.883293448,0.905354483,0.87968772,0.912601438,0.863705857,0.918308535
912,246909,0.894208125,0.940539631,0.909849308,0.943436158,0.864727017,0.93504984
913,75908,0.904219821,0.940237081,0.876837624,0.915232684,0.738272633,0.932686794
914,237905,0.841306851,0.879886886,0.845739241,0.865340274,0.819691578,0.868225821
915,199902,0.868341894,0.90869159,0.878715911,0.907345405,0.85585284,0.905059512
916,104903,0.829367431,0.891823739,0.841135352,0.891088687,0.836586352,0.887004038
917,128903,0.795367102,0.849596861,0.858750318,0.878793242,0.807499626,0.863280874
918,37907,0.85496461,0.906754304,0.866005966,0.903703063,0.84816139,0.908114253
919,91914,0.847587292,0.900934577,0.860505112,0.8985844,0.83767647,0.900037307
920,232902,0.84702645,0.895271665,0.8388902,0.876756098,0.815415946,0.877094793
921,92906,0.871125463,0.917620758,0.879779312,0.919716249,0.851291933,0.919093704
922,123913,0.859415689,0.924360656,0.87814685,0.929699717,0.844909616,0.920409649
923,169911,0.86983241,0.920087964,0.882281677,0.932826645,0.850734581,0.925299405
924,14908,0.86029023,0.912627578,0.873085065,0.922058821,0.853610245,0.922897211
925,112909,0.882724917,0.912873433,0.902813889,0.908457236,0.857492053,0.90442438
926,236802,0.617140888,0.628102095,0.445155974,0.463205758,0.611763203,0.631393627
927,74917,0.872459674,0.929198791,0.883934034,0.907040599,0.851328206,0.915529466
928,226903,0.837748004,0.886417636,0.848742396,0.887063637,0.825883689,0.883968387
929,15907,0.816329143,0.866765948,0.836121472,0.870596262,0.784423338,0.856957326
930,203901,0.811454742,0.846436185,0.817376984,0.853473959,0.801010531,0.856657513
931,31912,0.839485017,0.885533187,0.862325328,0.892375842,0.796750315,0.872357745
932,66902,0.844251591,0.884795388,0.830318823,0.870004653,0.822285238,0.880614888
933,71904,0.839657748,0.886556427,0.86601437,0.893323375,0.796120146,0.874946352
934,233901,0.851440373,0.888939385,0.856571883,0.88659451,0.815708203,0.881236787
935,214902,0.838901681,0.902841748,0.858301839,0.889144421,0.832556445,0.899061238
936,105902,0.829054748,0.882035128,0.858489304,0.888993796,0.805563319,0.880263297
937,245904,0.879364177,0.913362549,0.884378622,0.906811121,0.855729204,0.907431707
938,206901,0.859335443,0.905093818,0.876205431,0.899566748,0.840747019,0.897932227
940,58909,0.881537278,0.915272998,0.895250094,0.919884639,0.866368735,0.921163232
941,117903,0.855237544,0.906475702,0.843383716,0.898162453,0.839713837,0.900847517
942,61908,0.863062296,0.916013291,0.874984232,0.91106489,0.846763991,0.914955185
943,42903,0.845336184,0.907471517,0.86885942,0.895985256,0.819294505,0.879320452
944,84909,0.862536917,0.91000969,0.867743712,0.89736568,0.854452209,0.904468131
945,137904,0.890234757,0.947825402,0.90269185,0.948350113,0.878630149,0.954423253
946,31913,0.831048625,0.871324602,0.825479057,0.867911468,0.793713006,0.861847978
947,31914,0.836343326,0.884796236,0.865891489,0.900243979,0.801816545,0.880446077
948,182904,0.881923633,0.930397206,0.873279224,0.910329954,0.873077719,0.926105322
949,74911,0.86237389,0.924772027,0.872268481,0.919059539,0.842793395,0.925627728
950,94902,0.864804975,0.903914225,0.888908289,0.913540407,0.860058689,0.91380598
951,207901,0.877168993,0.902564184,0.875819704,0.910462495,0.84839548,0.898594243
952,15806,0.800633059,0.850003465,0.840448152,0.878505125,0.790926107,0.865041389
953,15827,0.856894412,0.910910866,0.8780211,0.912134612,0.805396001,0.887977103
954,15831,0.862685265,0.920797834,0.881932001,0.917718993,0.816323707,0.900516482
955,75903,0.860211392,0.88882627,0.855786547,0.887053466,0.858999984,0.899711872
956,129910,0.87686611,0.916562001,0.876355177,0.910531054,0.870757691,0.921214634
957,83901,0.826734384,0.855821758,0.840269415,0.867359777,0.824571029,0.855782898
958,8902,0.852830295,0.895780214,0.860068924,0.897886871,0.846226458,0.899226036
959,178808,0.876348555,0.944765219,0.883245593,0.939922893,0.869311484,0.94804418
960,94901,0.832929602,0.881374282,0.845083923,0.882367339,0.819883547,0.877161218
961,83903,0.887495636,0.907617038,0.870067515,0.893083002,0.882899122,0.90970244
962,101802,0.859840237,0.896746748,0.884490811,0.905935514,0.840761652,0.893030905
963,12901,0.900253286,0.926411489,0.894296497,0.927607304,0.873325207,0.922441032
964,152909,0.905124376,0.938323805,0.909140651,0.936442656,0.905605795,0.947334435
965,242902,0.846641717,0.896729465,0.85934575,0.893367344,0.833037043,0.888297223
966,108911,0.886730337,0.926031501,0.908010382,0.931727466,0.832394268,0.906080247
967,210903,0.88436245,0.921805061,0.890722876,0.918672625,0.86707599,0.926027902
968,101924,0.829404058,0.877440647,0.84766481,0.884666976,0.80565893,0.867764918
969,204904,0.842741494,0.871381298,0.822890094,0.852551645,0.805733541,0.855259442
970,91906,0.832366389,0.883654677,0.857870431,0.896551677,0.830259143,0.892449884
971,143903,0.926931805,0.938008239,0.914376272,0.933381253,0.917501805,0.955564716
972,47905,0.854320032,0.908434162,0.861931815,0.903644657,0.835439539,0.907703952
973,115902,0.83977587,0.889164008,0.702020185,0.737010285,0.811092029,0.878341198
974,100904,0.826890348,0.877218388,0.871816337,0.912285342,0.819022341,0.892730022
975,23902,0.907739593,0.929361814,0.883610744,0.913895251,0.880204225,0.920015993
976,19909,0.878572188,0.914442283,0.876097989,0.904059246,0.876916579,0.912109517
977,205906,0.852164111,0.899782814,0.856717442,0.891241138,0.820587183,0.89002431
978,49909,0.580601556,0.610138846,0.57211929,0.617860931,0.287366913,0.313922969
979,13905,0.860563212,0.916732457,0.863144315,0.919365942,0.829658436,0.912253268
980,152903,0.843004602,0.887981694,0.849774733,0.892490409,0.817165355,0.876163254
981,249908,0.831347386,0.883825193,0.866361257,0.90284022,0.82351086,0.890815142
982,1909,0.870500895,0.925046989,0.873323867,0.931054915,0.849714108,0.920303205
983,11904,0.849219476,0.902433196,0.858264026,0.897823042,0.850305559,0.905881175
984,110906,0.876144489,0.922238377,0.860760639,0.8975155,0.873874832,0.915738116
985,26903,0.867311199,0.897757641,0.860416967,0.882355681,0.862857738,0.898194734
986,208902,0.856201196,0.879998116,0.853999183,0.875683091,0.841937087,0.880420947
987,71909,0.850076491,0.904180855,0.879942507,0.913493107,0.810715077,0.886655836
988,15909,0.729748374,0.910778868,0.866572397,0.886507586,0.716086931,0.906516848
989,26902,0.83728586,0.862530684,0.823117016,0.87528746,0.840002133,0.877488025
990,218901,0.867044202,0.913967259,0.882760189,0.916327852,0.864262785,0.911826816
991,15908,0.807950337,0.855600494,0.834008829,0.869128242,0.780973902,0.84933475
992,31916,0.427402585,0.481562387,0.151913674,0.323015617,0.148389904,0.321153639
993,85903,0.693822401,0.738617725,0.695916335,0.745803086,0.679167561,0.750279661
994,15917,0.844486164,0.88105969,0.824768428,0.865608971,0.794212877,0.8663177
995,15912,0.840631306,0.891244715,0.851594433,0.885673112,0.812241647,0.879723206
996,15807,0.812972968,0.869944252,0.815034999,0.857719732,0.780743673,0.857995617
997,101838,0.822643973,0.857715703,0.840370107,0.867469294,0.794739666,0.851220462
998,98904,0.894313537,0.924142097,0.90790047,0.919131626,0.892959936,0.930646699
999,170907,0.837092351,0.883923076,0.842378953,0.886141269,0.818779293,0.885560608
1000,101920,0.874858331,0.912862178,0.876086168,0.90866096,0.857739127,0.911596914
1001,117907,0.856726754,0.903498695,0.750593428,0.770636419,0.829456479,0.907609087
1002,92907,0.881423266,0.920155848,0.887831854,0.930922912,0.877808241,0.933133626
1003,101919,0.833225821,0.879995548,0.841946065,0.878056988,0.808466473,0.869207019
1004,140907,0.86594705,0.903403192,0.845826217,0.888003983,0.870138599,0.922584817
1005,184902,0.857246685,0.899529888,0.87980744,0.901777822,0.843084232,0.899547177
1006,63903,0.87737254,0.93292253,0.85900686,0.903182567,0.864714818,0.939864048
1007,229905,0.857009866,0.904674408,0.830525558,0.880717891,0.826514633,0.897502368
1008,57836,0.847640513,0.902683205,0.854232216,0.912196381,0.841286399,0.944445614
1009,13801,0.572581203,0.605714718,0.583700158,0.610351303,0.549549609,0.607139484
1010,79910,0.842471686,0.890267627,0.867185963,0.893891307,0.806503206,0.88217323
1011,127906,0.871958103,0.907114349,0.851660536,0.897875358,0.865481359,0.915014494
1012,156902,0.864980489,0.899747768,0.850133253,0.88414012,0.845480949,0.894990727
1013,101859,0.731411893,0.919885202,0.743767425,0.919912279,0.683638841,0.902194586
1014,174801,0.482952853,0.485558045,0.472403553,0.484035155,0.465576668,0.489437223
1015,72903,0.886122773,0.920179512,0.882482677,0.917212677,0.878390674,0.917115627
1016,216901,0.866807856,0.914352788,0.870733949,0.908191113,0.860332712,0.910434199
1017,247906,0.863707616,0.91691152,0.869517899,0.919783263,0.854543754,0.923592326
1018,211902,0.862116265,0.91098062,0.865876237,0.904581884,0.843731907,0.913219034
1019,182905,0.845471699,0.88758538,0.853610749,0.886953131,0.84851261,0.903215993
1020,140908,0.883580138,0.924820634,0.883183067,0.90789157,0.866607567,0.923233848
1021,112910,0.856317592,0.909207631,0.861844967,0.916114151,0.848896016,0.914734011
1022,112901,0.869189712,0.909312875,0.878308459,0.900853122,0.853574953,0.900638297
1023,110907,0.926523124,0.931555864,0.925012873,0.929458208,0.905743076,0.931770584
1024,57919,0.883464574,0.941038002,0.908112231,0.950310766,0.868312159,0.942193048
1025,171902,0.874347911,0.902713264,0.883057141,0.901450141,0.864626892,0.90066625
1026,20906,0.855723895,0.903918734,0.857804708,0.89349589,0.831313977,0.895806921
1027,143905,0.893739463,0.940331309,0.73943379,0.930907721,0.873697559,0.936244931
1028,177902,0.837863366,0.880075419,0.854425641,0.880663587,0.819703688,0.875094588
1029,205907,0.835107531,0.875143568,0.832076672,0.85762458,0.809312782,0.873481356
1030,153904,0.881403626,0.901966794,0.862189741,0.889736928,0.866863548,0.899974883
1031,146907,0.871538598,0.897695658,0.868708597,0.893069559,0.854656281,0.895237774
1032,201910,0.880799533,0.911711307,0.90506658,0.926152865,0.86215087,0.921160114
1033,246911,0.811835129,0.873694843,0.84972408,0.889778738,0.803769405,0.870056164
1034,81904,0.868110408,0.90771006,0.864352802,0.897484704,0.850074453,0.907280747
1035,123803,0.803625378,0.864197215,0.872203668,0.928519186,0.750909274,0.835273789
1036,14909,0.844393841,0.885285913,0.84727601,0.882526575,0.831661887,0.880254589
1037,210904,0.869977553,0.894174296,0.876789,0.878534826,0.850040646,0.891342977
1038,22004,0.785723417,0.81511132,0.831137748,0.839427854,0.794689981,0.847481299
1039,222901,0.880714398,0.924114031,0.891894685,0.899458643,0.892420762,0.933460404
1040,129906,0.826092303,0.87324206,0.851483641,0.884260494,0.815119796,0.873217556
1042,19907,0.844831424,0.892321583,0.864771097,0.900605788,0.838873571,0.901525075
1043,84906,0.837828324,0.880721778,0.847385742,0.878428609,0.820947565,0.876316765
1044,221801,0.858429948,0.915626578,0.872060812,0.918520917,0.841726697,0.920061599
1045,227805,0.693854668,0.877343905,0.708541174,0.87536948,0.643128469,0.866643714
1046,226801,0.826483285,0.883255964,0.846634703,0.888503723,0.821439893,0.893031109
1047,105802,0.567671686,0.593378656,0.540468906,0.566922808,0.536018002,0.583258566
1048,220814,0.450010209,0.468254817,0.593986444,0.624347986,0.560907293,0.616226625
1049,170801,0.795078533,0.860676953,0.919800253,0.938128348,0.821530128,0.886165845
1050,211901,0.306394173,0.305028177,0.299668409,0.30624548,0.290261956,0.299220441
1051,56902,0.897455857,0.923515889,0.87648643,0.904536978,0.897283723,0.929784464
1053,101864,0.398384619,0.439431347,0.416478588,0.43714756,0.395488651,0.434659757
1054,101868,0.775232292,0.835855328,0.801560385,0.834557358,0.751110113,0.830170001
1055,101861,0.843257914,0.885957737,0.84812409,0.891418252,0.828342606,0.898655374
1056,101814,0.851033356,0.885116559,0.835778414,0.860693399,0.799741885,0.866011609
1057,166905,0.843224889,0.89778695,0.854795614,0.893234571,0.840745614,0.902009377
1058,246912,0.896954587,0.935712167,0.887846783,0.924430272,0.876263073,0.935860588
1059,149902,0.867388205,0.91157323,0.860801603,0.891798568,0.85233915,0.907107639
1060,72901,0.82501193,0.878147784,0.866574005,0.894766829,0.817457226,0.900220651
1061,224901,0.810279464,0.864689878,0.810296338,0.862423498,0.655680183,0.722184835
1062,158902,0.893334378,0.937969912,0.874612097,0.914301098,0.872636674,0.939530304
1063,210905,0.837246685,0.879293638,0.860873567,0.883619795,0.832145662,0.885194188
1064,91907,0.876412015,0.916997927,0.88689678,0.926266458,0.85400027,0.918289723
1065,111903,0.878157808,0.924391363,0.882992466,0.918908082,0.863086995,0.923082335
1066,91918,0.890439277,0.921477722,0.876899262,0.908742266,0.865631244,0.915046508
1067,101921,0.907754939,0.94864748,0.915278013,0.946450598,0.892764202,0.945204334
1068,71908,0.833310114,0.87802079,0.848193342,0.875673293,0.787250035,0.860323214
1069,220801,0.895941175,0.942617648,0.899728163,0.934141002,0.830203977,0.925432331
1070,221905,0.823399453,0.884106431,0.865578311,0.892569891,0.829640133,0.891495573
1071,74912,0.845110459,0.895929504,0.858531725,0.911212777,0.82093333,0.901417555
1072,107907,0.819929075,0.857209241,0.857084194,0.8943276,0.799522868,0.861563449
1073,46802,0.524784463,0.566478804,0.533173224,0.572344972,0.549863614,0.586559434
1074,228903,0.831745068,0.876070411,0.836410395,0.861481784,0.818113522,0.876454734
1079,61805,0.886174227,0.942079526,0.901208692,0.941255657,0.883931875,0.944671777
1080,212904,0.87909893,0.931070875,0.883388318,0.921468996,0.862861718,0.931268756
1081,14910,0.878935615,0.902887106,0.872068883,0.902487256,0.851244013,0.908934711
1082,219903,0.815176259,0.849231943,0.835933635,0.863235042,0.80689724,0.854509714
1083,178912,0.857686677,0.916298645,0.865068484,0.910533374,0.838781754,0.911830075
1084,96905,0.887233213,0.922650252,0.897096079,0.930031396,0.881262943,0.948416619
1085,101840,0.410464638,0.442888834,0.426588096,0.441661738,0.38646103,0.430971591
1086,212905,0.853404902,0.899927515,0.858385491,0.892897932,0.843909157,0.897057583
1087,57845,0.871115082,0.933291285,0.88077475,0.931197749,0.848370242,0.927542387
1088,230908,0.886253025,0.928054586,0.889493665,0.92278135,0.865952482,0.921554176
1089,230904,0.853381845,0.912269251,0.837437918,0.893789033,0.826265627,0.905187781
1090,240903,0.86818843,0.909822865,0.889428508,0.911800988,0.816311129,0.891267049
1091,57808,0.898510483,0.941441735,0.920937257,0.943683811,0.888687763,0.940142687
1093,227819,0.449261619,0.462956653,0.444188036,0.460467157,0.423831947,0.456835746
1094,227806,0.783690982,0.827118385,0.786332308,0.83017333,0.779125904,0.827145314
1095,57803,0.838461428,0.891867637,0.87131817,0.900125606,0.808623986,0.879189995
1096,212804,0.887657748,0.950448911,0.894336565,0.947710883,0.722100917,0.950648902
1097,232904,0.682026996,0.884149254,0.721050633,0.904037132,0.661286329,0.905955307
1098,68803,0.863662807,0.914124765,0.856129236,0.907996511,0.842290992,0.91616515
1099,232903,0.823570577,0.881574604,0.832867053,0.873164773,0.804052883,0.872353406
1101,18904,0.863656741,0.901051425,0.87791215,0.902215867,0.854221794,0.901408716
1102,108916,0.871645261,0.910052038,0.897008285,0.922126384,0.824533668,0.897296397
1103,49903,0.843336559,0.890919285,0.857066996,0.898903435,0.825026521,0.888422371
1104,227829,0.884626797,0.940791335,0.728935922,0.932725098,0.85993602,0.944125778
1105,91908,0.898114604,0.941465342,0.896288459,0.928975556,0.889313908,0.934943157
1106,234906,0.87573376,0.913941211,0.874365635,0.905795227,0.847720914,0.905423715
1107,158906,0.876273454,0.917383397,0.872027175,0.911481654,0.839479914,0.902120437
1108,108808,0.862083004,0.918275464,0.88082328,0.923925048,0.8066075,0.899084852
1109,180902,0.91752791,0.951487571,0.907367399,0.937742439,0.895246243,0.943224221
1110,126908,0.830305273,0.875235692,0.846555229,0.883214478,0.819253309,0.882057025
1111,226908,0.8599619,0.924212894,0.87228857,0.909034759,0.858709048,0.928888173
1112,244903,0.833090569,0.866253102,0.839318155,0.86817273,0.821350142,0.876698261
1113,235902,0.835121966,0.887209475,0.846135766,0.885518023,0.815457203,0.885583309
1114,181907,0.858265824,0.897889123,0.86541757,0.888740959,0.849929191,0.899164828
1115,57847,0.680708963,0.737593826,0.701755107,0.752964013,0.676382455,0.738804038
1116,71809,0.71482006,0.759701133,0.753303574,0.782620915,0.579911933,0.620331546
1117,143904,0.90363884,0.934635814,0.876151983,0.923737878,0.748485348,0.936406624
1118,161801,0.418241261,0.430683236,0.415624225,0.435839294,0.411950246,0.43290742
1119,161914,0.81868973,0.86653829,0.837818718,0.875596669,0.800942426,0.866143271
1120,89905,0.809005154,0.858327629,0.815236081,0.863245685,0.784304621,0.849708701
1121,59902,0.606322269,0.614169432,0.588879281,0.595428988,0.561280779,0.593293416
1122,226906,0.918529308,0.955876835,0.920428087,0.949518608,0.906137271,0.956147254
1123,237904,0.847754542,0.893880847,0.877618235,0.906981118,0.832846898,0.893162688
1124,49908,0.568331757,0.601011514,0.714334473,0.599963077,0.661128237,0.726163777
1125,18905,0.821363787,0.864451916,0.825447416,0.866727041,0.814526305,0.885968726
1126,229904,0.856838226,0.904271747,0.865531033,0.90390521,0.844569325,0.908480803
1127,102903,0.860750508,0.898443946,0.859294575,0.901156641,0.844847185,0.904692699
1128,70801,0.807100908,0.845248766,0.814905582,0.848569394,0.797413049,0.855488065
1129,70912,0.856543266,0.907628471,0.875214373,0.91457331,0.853553567,0.909786052
1130,227803,0.708030349,0.884085081,0.842752141,0.875809941,0.805725988,0.862129077
1131,184903,0.85657571,0.905935944,0.856453628,0.902497305,0.845203765,0.906499624
1132,240904,0.846191736,0.88712366,0.841434518,0.882905889,0.816254173,0.87608272
1133,45905,0.882354372,0.918610846,0.87511283,0.914024513,0.870917233,0.919779176
1134,44902,0.870009391,0.909945098,0.863956952,0.90449457,0.844011022,0.903793253
1135,223904,0.878112584,0.915432329,0.881076624,0.913106359,0.873541092,0.92397593
1136,37909,0.857178761,0.897694681,0.857198463,0.907719296,0.837422202,0.904396263
1137,108913,0.852000896,0.893338665,0.879384961,0.899655943,0.805305364,0.872441667
1138,100908,0.859606804,0.905906136,0.841730948,0.893476088,0.821610563,0.884392064
1139,161916,0.894914928,0.922007396,0.854065011,0.899468937,0.878536833,0.916375643
1140,181906,0.807583091,0.866469501,0.816714454,0.856248393,0.793062006,0.851437254
1141,178915,0.836435045,0.886008814,0.84989643,0.88712148,0.805688988,0.878029672
1142,201914,0.85554176,0.905233787,0.854297549,0.901665304,0.844842637,0.912215882
1143,202905,0.851489693,0.887865227,0.871086645,0.891873906,0.836041756,0.881923948
1144,168903,0.858064561,0.885201565,0.864889426,0.897261598,0.822470302,0.884162915
1145,62905,0.891309604,0.938585424,0.899432068,0.910557628,0.741361774,0.778599856
1146,220810,0.793389038,0.976934223,0.798667042,0.976780638,0.783233608,0.979467175
1147,73904,0.770322263,0.939962545,0.90137381,0.920414728,0.911973598,0.941234125
1148,1908,0.842602199,0.890314312,0.838577322,0.876517242,0.820134646,0.877398403
1149,241904,0.814331999,0.86261157,0.841258887,0.868862211,0.816852732,0.866317088
1150,242903,0.884991768,0.919891625,0.872729797,0.912140013,0.871607189,0.917994097
1151,33904,0.848356625,0.911310969,0.872395143,0.91563886,0.842023828,0.919959819
1152,92908,0.877427829,0.920640174,0.868547933,0.920056016,0.861445763,0.917672118
1153,220920,0.856043473,0.908848902,0.866360029,0.912164081,0.844692556,0.91174633
1154,40902,0.851865419,0.906240137,0.873232587,0.896154934,0.849995112,0.907190308
1155,212906,0.907830759,0.937024039,0.915987465,0.935691128,0.893936755,0.937639136
1156,91909,0.849861408,0.898618731,0.881103126,0.914069124,0.853583328,0.915116982
1157,91910,0.890150879,0.913729796,0.891523374,0.912757897,0.886367828,0.922848576
1158,110908,0.879044461,0.916619951,0.890026695,0.913304009,0.854063645,0.923898066
1159,109911,0.859575956,0.894796715,0.860963547,0.888550316,0.852849108,0.905554354
1160,243905,0.842829039,0.882185017,0.854228632,0.892219822,0.827269053,0.880669952
1161,180904,0.868808286,0.909368176,0.87605477,0.917529783,0.854377536,0.908345713
1162,170904,0.843434374,0.892781153,0.870713462,0.898515631,0.839121229,0.89870818
1163,234907,0.834575723,0.87997434,0.861079005,0.891770035,0.834441427,0.887476162
1164,153907,0.841228391,0.889433822,0.700760757,0.740973477,0.837108238,0.9016263
1165,105905,0.87331031,0.934985225,0.883269218,0.936857518,0.863979647,0.943790012
1166,5904,0.910181173,0.939184314,0.920660416,0.932133578,0.887090867,0.940474165
1168,248902,0.891335491,0.909453286,0.861968377,0.905856706,0.873557202,0.907244467
1169,250907,0.858694603,0.899568817,0.871155335,0.910434447,0.847835706,0.893457569
1170,212910,0.851339416,0.906287335,0.846546873,0.888302289,0.828354888,0.892279786
1171,200904,0.869329083,0.918124518,0.856756056,0.885078495,0.842010094,0.889906082
1172,174906,0.86748039,0.916198266,0.88447244,0.931117311,0.840476656,0.925363961
1173,116909,0.871013375,0.909644884,0.871267082,0.914466449,0.858129663,0.915761864
1174,196902,0.861891192,0.908780434,0.860595493,0.897149376,0.850340815,0.903093366
1175,224902,0.706257513,0.747209624,0.868887978,0.901425159,0.849314167,0.8996455
1176,229903,0.826450815,0.876831246,0.840989315,0.875214197,0.830813157,0.887096785
1177,81905,0.840957686,0.887590572,0.862988383,0.899501354,0.845724281,0.901497238
1178,221912,0.901781905,0.941027467,0.920942971,0.941072045,0.894497216,0.943002294
1179,43914,0.913956618,0.946908798,0.921840469,0.94438674,0.895774,0.946609347
1180,250905,0.853776717,0.899774663,0.86519066,0.905958107,0.842234224,0.903885994
1181,101873,0.265701864,0.448416806,0.543232022,0.579456222,0.532466073,0.579410245
1182,101845,0.563087031,0.592294592,0.442303612,0.452112673,0.415278996,0.449128148
1183,62903,0.881904893,0.91092637,0.864234563,0.890155495,0.86725932,0.910987626
1184,62904,0.83859638,0.879948997,0.844889591,0.876719926,0.818144558,0.871577588
1185,71905,0.860885017,0.903217432,0.879373208,0.905573644,0.818961372,0.887423317
1186,253901,0.835990327,0.872713901,0.850835143,0.882554874,0.801787307,0.860655104
1187,3906,0.84302459,0.908373223,0.866701645,0.893548614,0.848231372,0.908511088
1188,25906,0.857265784,0.913175837,0.872158695,0.915697536,0.84273963,0.912109885
