,County #,Confirmed Deaths 09/28/20,Confirmed Deaths 10/30/20,Confirmed Deaths 01/29/21,Confirmed Deaths 07/28/2021,Confirmed Deaths 01/29/2022,Confirmed Deaths 07/29/2022,Confirmed Deaths 10/30/2022,Confirmed Cases 09/28/20,Confirmed Cases 10/30/20,Confirmed Cases 01/29/21,Confirmed Cases 07/28/2021,Confirmed Cases 01/29/2022,Confirmed Cases 07/29/2022,Confirmed Cases 10/30/2022,County Population
0,48001,37.0,44.0,99.0,134,220,240,251,2840.0,2970.0,5804.0,6222,9208,10086,10613,57735.0
1,48003,10.0,11.0,45.0,47,69,72,73,425.0,667.0,1649.0,1887,3686,4183,4721,18705.0
2,48005,86.0,94.0,236.0,289,444,487,496,2144.0,2317.0,7121.0,8990,14702,16066,16628,86715.0
3,48007,18.0,18.0,33.0,43,71,89,94,323.0,351.0,979.0,1427,3565,4805,5252,23510.0
4,48009,1.0,1.0,11.0,12,24,28,29,87.0,161.0,745.0,821,1976,2382,2523,8553.0
5,48011,1.0,1.0,6.0,7,8,10,10,13.0,27.0,139.0,219,472,609,638,1887.0
6,48013,34.0,38.0,125.0,155,217,233,238,1144.0,1292.0,4395.0,6132,12357,14523,15259,51153.0
7,48015,10.0,10.0,27.0,39,61,75,82,499.0,516.0,1551.0,2320,5086,6334,6686,30032.0
8,48017,5.0,5.0,16.0,19,31,39,39,219.0,311.0,762.0,874,1330,1660,1688,7000.0
9,48019,8.0,9.0,23.0,33,70,78,80,157.0,188.0,966.0,1520,3268,3924,4120,23112.0
10,48021,31.0,35.0,70.0,109,199,240,246,1818.0,2014.0,4937.0,10279,20425,24229,25916,88723.0
11,48023,1.0,3.0,12.0,13,28,32,33,19.0,44.0,284.0,305,777,856,905,3509.0
12,48025,37.0,40.0,59.0,75,142,154,155,1820.0,1870.0,3221.0,3632,7646,9075,9561,32565.0
13,48027,92.0,104.0,318.0,474,783,916,931,5473.0,6534.0,18154.0,26533,59878,74426,80493,362924.0
14,48029,1376.0,1467.0,2774.0,3718,5546,6224,6357,46829.0,53208.0,166022.0,236682,502209,621521,664508,2003554.0
15,48031,5.0,6.0,16.0,22,30,34,35,144.0,162.0,362.0,808,2286,2840,3014,11931.0
16,48033,0.0,0.0,1.0,2,2,2,2,1.0,2.0,17.0,31,93,108,115,654.0
17,48035,8.0,14.0,28.0,38,62,70,74,324.0,414.0,1037.0,1764,3704,4354,4698,18685.0
18,48037,61.0,95.0,168.0,232,374,439,448,1377.0,1997.0,5754.0,8112,17719,21670,23405,93245.0
19,48039,178.0,191.0,341.0,554,914,993,1020,11395.0,12436.0,28149.0,40547,88081,105748,112365,374264.0
20,48041,67.0,86.0,199.0,265,375,422,428,6332.0,7626.0,18374.0,28591,56463,66725,71414,229211.0
21,48043,5.0,5.0,12.0,18,25,31,32,218.0,250.0,827.0,949,998,1167,1274,9203.0
22,48045,1.0,1.0,4.0,7,8,8,8,12.0,24.0,120.0,181,418,485,523,1546.0
23,48047,26.0,26.0,31.0,37,49,52,52,317.0,361.0,714.0,889,1475,1798,1946,7093.0
24,48049,26.0,29.0,99.0,124,195,229,233,570.0,698.0,3764.0,4530,9690,12785,13941,37864.0
25,48051,6.0,6.0,30.0,48,62,67,68,339.0,475.0,1176.0,2535,4734,5400,5754,18443.0
26,48053,12.0,15.0,50.0,73,142,173,177,729.0,1085.0,2345.0,5167,9971,12087,12912,48155.0
27,48055,36.0,39.0,70.0,102,167,180,184,1523.0,1721.0,2891.0,5987,12956,15915,16979,43664.0
28,48057,8.0,9.0,14.0,26,41,51,53,821.0,938.0,1550.0,2568,5322,6256,6696,21290.0
29,48059,4.0,6.0,35.0,42,64,72,76,88.0,137.0,1061.0,1231,2625,3147,3330,13943.0
30,48061,957.0,1008.0,1256.0,1551,1882,2055,2092,22698.0,24221.0,34691.0,44091,90652,118373,127000,423163.0
31,48063,12.0,14.0,36.0,46,70,76,77,355.0,405.0,1052.0,1369,2606,3070,3412,13094.0
32,48065,0.0,1.0,12.0,14,31,37,37,23.0,54.0,346.0,619,1385,1597,1665,5926.0
33,48067,18.0,30.0,74.0,88,172,197,199,372.0,547.0,1609.0,2376,6097,7715,8530,30026.0
34,48069,5.0,7.0,28.0,32,45,47,48,257.0,318.0,847.0,1083,2165,2450,2604,7530.0
35,48071,8.0,10.0,21.0,31,64,70,71,1309.0,1571.0,3721.0,5573,9729,11369,11960,43837.0
36,48073,33.0,46.0,123.0,149,233,254,257,1547.0,1647.0,3769.0,4458,7576,8501,9223,52646.0
37,48075,0.0,0.0,16.0,17,27,34,34,69.0,124.0,1310.0,1382,2266,2765,2835,7306.0
38,48077,2.0,4.0,15.0,17,27,38,41,90.0,129.0,939.0,1068,1969,2281,2383,10471.0
39,48079,1.0,3.0,13.0,15,21,23,23,52.0,116.0,222.0,340,800,921,962,2853.0
40,48081,3.0,8.0,11.0,13,18,20,20,53.0,129.0,436.0,474,802,944,1015,3387.0
41,48083,4.0,5.0,26.0,35,64,72,74,72.0,96.0,634.0,797,1534,1752,1945,8175.0
42,48085,159.0,205.0,651.0,866,1318,1525,1565,13770.0,18362.0,71865.0,95861,190231,239563,260071,1034730.0
43,48087,0.0,0.0,9.0,9,13,16,16,18.0,21.0,249.0,334,620,753,829,2920.0
44,48089,4.0,4.0,22.0,33,57,66,67,486.0,504.0,1347.0,1835,3369,4057,4274,21493.0
45,48091,103.0,107.0,242.0,322,498,562,571,2714.0,2878.0,8073.0,12340,29584,38363,40957,156209.0
46,48093,5.0,5.0,45.0,52,72,78,78,300.0,373.0,1143.0,1593,3031,3803,3900,13635.0
47,48095,2.0,2.0,6.0,9,10,11,12,130.0,144.0,264.0,515,995,1176,1281,2726.0
48,48097,6.0,9.0,57.0,72,118,134,137,440.0,570.0,3126.0,3851,6841,7815,8188,41257.0
49,48099,13.0,15.0,66.0,95,179,215,223,1816.0,1986.0,4505.0,7724,16093,18983,20207,75951.0
50,48101,3.0,4.0,7.0,7,9,9,9,27.0,40.0,179.0,193,271,345,355,1398.0
51,48103,2.0,4.0,11.0,13,21,24,24,72.0,77.0,500.0,576,1165,1367,1452,4797.0
52,48105,7.0,7.0,15.0,15,17,20,20,164.0,166.0,510.0,618,952,1188,1263,3464.0
53,48107,3.0,11.0,25.0,29,44,45,46,87.0,116.0,428.0,774,1768,1984,2159,5737.0
54,48109,2.0,4.0,7.0,11,13,14,14,54.0,125.0,323.0,367,495,523,530,2171.0
55,48111,10.0,11.0,24.0,26,35,41,43,249.0,385.0,555.0,994,1942,2225,2330,7287.0
56,48113,1188.0,1362.0,3277.0,4222,6052,6817,6951,81175.0,95402.0,253684.0,314372,540704,621430,663187,2635516.0
57,48115,11.0,22.0,67.0,70,90,96,100,433.0,882.0,1674.0,1757,2404,3105,3335,12728.0
58,48117,25.0,36.0,61.0,68,105,115,115,886.0,1040.0,2476.0,2992,4040,5057,5304,18546.0
59,48119,0.0,0.0,9.0,14,22,27,27,26.0,35.0,247.0,367,1678,1902,1985,5331.0
60,48121,158.0,189.0,586.0,794,1186,1372,1399,11985.0,14769.0,52594.0,79128,159646,187687,201775,887207.0
61,48123,0.0,0.0,0.0,0,86,100,106,996.0,1086.0,1694.0,2050,6198,6833,7080,20160.0
62,48125,2.0,2.0,8.0,10,15,16,16,49.0,55.0,137.0,198,403,476,495,2211.0
63,48127,7.0,8.0,19.0,38,48,51,51,256.0,294.0,1161.0,2943,5203,5991,6097,10124.0
64,48129,1.0,1.0,12.0,15,20,26,26,64.0,86.0,326.0,431,924,1198,1249,3278.0
65,48131,17.0,23.0,37.0,43,64,70,73,439.0,493.0,1112.0,1367,2889,3801,4120,11157.0
66,48133,4.0,8.0,33.0,50,97,114,117,171.0,260.0,1069.0,1386,2660,2961,3201,18360.0
67,48135,91.0,109.0,313.0,386,610,710,723,3114.0,3950.0,13467.0,18230,35715,39497,41700,166223.0
68,48137,2.0,2.0,4.0,6,10,11,11,67.0,72.0,227.0,250,428,508,559,1932.0
69,48139,71.0,95.0,261.0,330,518,3767,603,4398.0,5029.0,18450.0,23511,45907,228127,55364,184826.0
70,48141,569.0,864.0,2345.0,2770,3392,589,592,23905.0,47052.0,112652.0,137844,190466,52421,53792,839238.0
71,48143,13.0,19.0,62.0,71,113,124,126,847.0,1054.0,3658.0,4360,8034,9124,9471,42698.0
72,48145,6.0,7.0,27.0,33,56,67,68,279.0,684.0,1380.0,2115,3567,4002,4257,17297.0
73,48147,15.0,24.0,91.0,112,165,184,190,679.0,797.0,2801.0,3531,6307,7279,7732,35514.0
74,48149,21.0,23.0,51.0,71,98,111,114,478.0,526.0,1577.0,2875,4469,5096,5350,25346.0
75,48151,3.0,4.0,13.0,14,20,24,26,66.0,112.0,282.0,311,565,640,688,3830.0
76,48153,9.0,13.0,29.0,30,44,48,49,111.0,128.0,685.0,916,1838,2072,2219,5712.0
77,48155,0.0,1.0,8.0,10,11,11,11,9.0,22.0,96.0,124,193,226,237,1155.0
78,48157,300.0,326.0,530.0,725,1051,1173,1187,16207.0,17634.0,49529.0,72136,163827,219193,226700,811688.0
79,48159,6.0,9.0,22.0,26,37,45,45,134.0,222.0,603.0,827,1949,2341,2545,10725.0
80,48161,3.0,5.0,39.0,51,80,82,85,410.0,462.0,1021.0,2040,3685,4018,4171,19717.0
81,48163,9.0,9.0,40.0,55,82,94,95,975.0,1020.0,2341.0,3047,5064,6284,6523,20306.0
82,48165,9.0,13.0,40.0,46,75,83,83,343.0,566.0,1379.0,1477,1719,2252,2356,21492.0
83,48167,164.0,171.0,303.0,464,787,866,881,11604.0,12606.0,30058.0,43528,89770,108978,115090,342139.0
84,48169,4.0,9.0,18.0,22,26,29,30,105.0,123.0,300.0,562,1183,1332,1415,6229.0
85,48171,10.0,10.0,44.0,54,96,109,114,312.0,368.0,2115.0,2707,4890,5763,5983,26988.0
86,48173,0.0,0.0,2.0,2,3,3,3,9.0,13.0,105.0,105,188,217,222,1409.0
87,48175,6.0,6.0,12.0,16,29,32,33,154.0,166.0,362.0,503,1058,1344,1472,7658.0
88,48177,18.0,20.0,42.0,59,92,103,106,1058.0,1132.0,2244.0,2808,4274,4993,5207,20837.0
89,48179,7.0,12.0,50.0,58,110,127,131,310.0,502.0,1849.0,2587,5792,6466,6720,21886.0
90,48181,51.0,85.0,286.0,353,561,647,664,1866.0,2681.0,9644.0,11774,24826,28700,30342,136212.0
91,48183,79.0,95.0,300.0,368,605,696,714,2225.0,2587.0,9627.0,11887,22015,24586,25878,123945.0
92,48185,33.0,36.0,60.0,74,113,125,125,1087.0,1191.0,1953.0,4067,7955,9237,9699,28880.0
93,48187,79.0,83.0,171.0,229,359,404,415,3560.0,3908.0,10691.0,16563,33886,41490,43842,166847.0
94,48189,56.0,72.0,149.0,157,220,246,248,1865.0,2678.0,5825.0,6278,6272,7130,7756,33406.0
95,48191,1.0,1.0,14.0,14,20,24,24,28.0,44.0,379.0,501,901,1159,1234,2964.0
96,48193,4.0,7.0,23.0,28,29,34,35,137.0,204.0,592.0,841,1883,2004,2041,8461.0
97,48195,5.0,8.0,21.0,25,27,29,30,114.0,191.0,719.0,954,1559,2090,2196,5399.0
98,48197,0.0,3.0,12.0,12,14,19,20,25.0,63.0,336.0,388,542,572,604,3933.0
99,48199,31.0,35.0,85.0,121,223,252,254,1342.0,1457.0,4380.0,6478,11500,13414,14133,57602.0
100,48201,2752.0,2927.0,4772.0,6779,10200,11111,11354,141353.0,160984.0,308902.0,414098,947954,1152498,1220616,4713325.0
101,48203,38.0,42.0,90.0,112,203,227,232,896.0,1108.0,3996.0,5687,11969,14192,15296,66553.0
102,48205,0.0,0.0,2.0,2,3,3,3,130.0,173.0,379.0,674,1228,1394,1463,5576.0
103,48207,3.0,3.0,23.0,28,37,39,39,65.0,86.0,395.0,465,863,954,1031,5658.0
104,48209,67.0,76.0,165.0,232,391,442,456,5871.0,6119.0,16602.0,22420,53233,65245,70758,230191.0
105,48211,0.0,1.0,2.0,3,4,7,8,73.0,147.0,515.0,593,1017,1286,1342,3819.0
106,48213,24.0,40.0,146.0,203,375,428,434,963.0,1317.0,4890.0,6231,13463,16332,17654,82737.0
107,48215,1679.0,1772.0,2253.0,2663,3272,3559,3622,31562.0,35662.0,61904.0,94855,171699,231634,253140,868707.0
108,48217,14.0,16.0,83.0,111,184,195,199,650.0,853.0,2491.0,4654,8377,9363,9780,36649.0
109,48219,10.0,28.0,98.0,109,150,164,166,351.0,695.0,2111.0,3246,7291,8212,8710,23021.0
110,48221,31.0,43.0,108.0,141,236,278,286,945.0,1224.0,5619.0,6929,12399,13942,14520,61643.0
111,48223,15.0,46.0,99.0,114,161,183,188,354.0,679.0,2626.0,3726,6778,7660,8244,37084.0
112,48225,11.0,14.0,37.0,59,96,113,114,373.0,429.0,1430.0,2018,3612,4477,4766,22968.0
113,48227,19.0,27.0,95.0,104,160,185,191,757.0,1220.0,4361.0,4754,6286,7214,7537,36664.0
114,48229,3.0,3.0,11.0,12,16,18,18,47.0,113.0,521.0,543,900,1100,1145,4886.0
115,48231,40.0,50.0,131.0,183,329,365,373,1632.0,2043.0,4855.0,6532,14852,17039,18578,98594.0
116,48233,6.0,11.0,66.0,72,121,136,141,211.0,327.0,1363.0,2500,6248,7033,7270,20938.0
117,48235,0.0,0.0,1.0,1,3,3,3,10.0,13.0,91.0,135,393,516,568,1536.0
118,48237,3.0,3.0,13.0,16,23,29,30,133.0,153.0,567.0,608,1404,1585,1630,8935.0
119,48239,16.0,16.0,27.0,31,55,59,61,606.0,656.0,1472.0,1917,3090,3463,3718,14760.0
120,48241,31.0,34.0,74.0,96,170,190,199,473.0,519.0,2106.0,2630,5685,7053,7799,35529.0
121,48243,0.0,0.0,3.0,6,8,9,10,14.0,23.0,126.0,196,216,247,257,2274.0
122,48245,146.0,170.0,333.0,453,762,856,870,7402.0,8424.0,16818.0,21388,40407,56295,60602,251565.0
123,48247,3.0,8.0,14.0,17,20,22,22,108.0,180.0,543.0,623,2010,3144,3293,5200.0
124,48249,42.0,55.0,82.0,111,186,213,216,1474.0,1679.0,3651.0,4597,10155,12629,12956,40482.0
125,48251,56.0,73.0,300.0,386,643,747,763,3011.0,3787.0,16357.0,20551,39608,46695,49672,175817.0
126,48253,0.0,4.0,46.0,56,86,93,94,575.0,603.0,2676.0,2575,4257,4841,5107,20083.0
127,48255,17.0,18.0,32.0,38,61,71,75,937.0,962.0,1542.0,2700,5037,6156,6317,15601.0
128,48257,51.0,71.0,204.0,275,477,537,547,3136.0,3619.0,12903.0,16968,33076,38190,40727,136154.0
129,48259,10.0,11.0,56.0,74,106,125,128,328.0,392.0,2231.0,3545,7383,8967,9433,47431.0
130,48261,2.0,2.0,2.0,2,2,2,2,7.0,11.0,30.0,41,70,92,98,404.0
131,48263,0.0,0.0,1.0,2,3,4,4,9.0,11.0,70.0,106,193,214,220,762.0
132,48265,12.0,16.0,77.0,95,159,186,196,591.0,709.0,3488.0,4783,8959,10214,10640,52600.0
133,48267,1.0,2.0,6.0,7,12,15,15,16.0,30.0,234.0,309,636,789,852,4337.0
134,48269,0.0,0.0,0.0,0,0,0,0,0.0,1.0,13.0,11,39,52,53,272.0
135,48271,1.0,2.0,5.0,6,10,11,13,44.0,79.0,314.0,356,700,779,808,3667.0
136,48273,50.0,54.0,75.0,96,134,149,152,1001.0,1032.0,2170.0,2855,6210,8236,8796,30680.0
137,48275,8.0,9.0,17.0,18,22,25,25,73.0,114.0,231.0,265,474,542,599,3664.0
138,48277,42.0,53.0,132.0,160,232,49,269,1161.0,1839.0,5176.0,6084,8959,2475,11028,49859.0
139,48279,23.0,28.0,81.0,83,104,260,126,336.0,552.0,1844.0,2535,4172,10244,4886,12893.0
140,48281,9.0,9.0,22.0,36,75,122,93,250.0,313.0,1066.0,2346,5060,4568,6125,21428.0
141,48283,13.0,15.0,26.0,30,42,93,93,362.0,378.0,810.0,1022,2079,5873,5974,7520.0
142,48285,37.0,39.0,67.0,76,106,122,123,981.0,1180.0,2009.0,2568,4006,4485,4686,20154.0
143,48287,15.0,15.0,36.0,40,56,62,62,221.0,245.0,1291.0,2293,3834,4623,4977,17239.0
144,48289,7.0,14.0,35.0,44,77,93,95,240.0,362.0,908.0,1706,3500,3900,4122,17404.0
145,48291,54.0,62.0,149.0,207,374,407,411,2256.0,2302.0,5766.0,8447,16542,19928,21310,88219.0
146,48293,15.0,16.0,52.0,82,116,125,133,568.0,681.0,1499.0,2953,4778,5435,5849,23437.0
147,48295,1.0,1.0,12.0,12,12,17,17,32.0,70.0,265.0,354,594,751,766,3233.0
148,48297,9.0,10.0,19.0,22,40,42,42,374.0,383.0,1034.0,1164,2029,2254,2292,12207.0
149,48299,2.0,3.0,44.0,54,88,97,98,124.0,188.0,903.0,1802,3618,4389,4781,21795.0
150,48301,0.0,0.0,0.0,0,0,1,1,0.0,0.0,1.0,3,103,292,350,169.0
151,48303,135.0,238.0,734.0,805,1205,1345,1365,11422.0,18985.0,46705.0,50483,89501,99889,106490,310569.0
152,48305,5.0,5.0,20.0,25,32,38,41,99.0,194.0,594.0,632,1314,1587,1649,5951.0
153,48307,4.0,5.0,15.0,21,42,47,49,155.0,216.0,491.0,604,1206,1416,1647,7984.0
154,48309,115.0,158.0,403.0,496,811,916,937,8000.0,10194.0,23074.0,28443,52958,65829,70762,256623.0
155,48311,1.0,1.0,3.0,5,8,9,9,24.0,25.0,73.0,86,150,175,182,743.0
156,48313,6.0,8.0,24.0,32,49,57,59,722.0,768.0,1201.0,2022,3542,3948,4115,14284.0
157,48315,14.0,16.0,25.0,33,55,60,61,150.0,172.0,447.0,654,1522,1785,1943,9854.0
158,48317,6.0,7.0,18.0,19,24,26,26,77.0,92.0,565.0,661,1086,1291,1347,5771.0
159,48319,2.0,2.0,4.0,6,9,12,13,77.0,83.0,338.0,429,736,856,943,4274.0
160,48321,48.0,55.0,83.0,115,170,177,185,1035.0,1116.0,2755.0,4369,7713,9187,9931,36643.0
161,48323,154.0,174.0,287.0,370,428,471,475,3712.0,4292.0,9365.0,11105,19350,22391,23449,58722.0
162,48325,47.0,48.0,81.0,110,179,201,208,1198.0,1287.0,3683.0,5001,9154,10940,11667,51584.0
163,48327,0.0,1.0,5.0,9,12,12,12,26.0,78.0,200.0,219,465,572,605,2138.0
164,48329,75.0,87.0,233.0,276,445,501,508,3707.0,5470.0,15341.0,18038,34976,43177,45688,176832.0
165,48331,7.0,8.0,34.0,53,93,105,106,498.0,549.0,1992.0,2659,4644,5330,5743,24823.0
166,48333,0.0,1.0,19.0,21,30,37,37,59.0,79.0,396.0,665,1406,1493,1558,4873.0
167,48335,3.0,3.0,29.0,31,46,49,50,90.0,201.0,564.0,624,1786,1967,2053,8545.0
168,48337,4.0,14.0,56.0,74,110,130,131,180.0,293.0,1838.0,2170,4344,4892,5122,19818.0
169,48339,170.0,192.0,413.0,625,1195,1309,1340,10639.0,13345.0,38904.0,58275,128049,156405,165260,607391.0
170,48341,22.0,24.0,68.0,75,104,112,113,1174.0,1338.0,2144.0,2841,5033,5921,6080,20940.0
171,48343,5.0,6.0,26.0,37,61,74,75,186.0,232.0,726.0,1026,2330,2672,2887,12388.0
172,48345,0.0,0.0,8.0,8,11,13,13,9.0,17.0,80.0,121,256,293,304,1200.0
173,48347,64.0,73.0,137.0,176,243,263,270,1599.0,1816.0,3710.0,5288,11137,13247,14162,65204.0
174,48349,29.0,36.0,119.0,148,206,223,230,1283.0,1464.0,5237.0,6102,11586,13117,13700,50113.0
175,48351,13.0,15.0,31.0,39,56,62,63,180.0,188.0,516.0,656,1208,1546,1688,13595.0
176,48353,5.0,7.0,47.0,54,89,100,101,256.0,437.0,1460.0,1582,2884,3283,3405,14714.0
177,48355,402.0,417.0,612.0,741,1159,1285,1321,15885.0,16236.0,33499.0,41943,76891,92445,98251,362294.0
178,48357,5.0,6.0,21.0,28,43,48,49,137.0,310.0,989.0,1227,1949,2526,2594,9836.0
179,48359,1.0,2.0,4.0,4,6,6,6,17.0,27.0,188.0,292,509,587,615,2112.0
180,48361,44.0,48.0,101.0,158,318,361,372,1996.0,2221.0,6509.0,9250,14299,16202,16760,83396.0
181,48363,16.0,23.0,63.0,79,138,155,155,561.0,736.0,2551.0,3026,6599,7372,7581,29189.0
182,48365,26.0,32.0,55.0,77,116,130,133,386.0,484.0,1327.0,1935,4160,4971,5280,23194.0
183,48367,41.0,56.0,149.0,198,383,458,474,1967.0,2518.0,12849.0,16902,32211,36860,38882,142878.0
184,48369,9.0,19.0,33.0,35,46,53,53,433.0,574.0,1135.0,1336,2135,2477,2579,9605.0
185,48371,5.0,13.0,31.0,35,62,71,72,368.0,515.0,1370.0,1693,2525,2971,3461,15823.0
186,48373,26.0,40.0,89.0,125,229,250,261,855.0,918.0,2686.0,3650,7318,8472,8990,51353.0
187,48375,69.0,112.0,354.0,394,582,656,660,4780.0,8096.0,16410.0,18038,27834,30627,31750,117415.0
188,48377,7.0,7.0,23.0,25,32,38,40,97.0,172.0,686.0,825,938,1062,1124,6704.0
189,48379,4.0,5.0,23.0,30,52,59,60,68.0,96.0,683.0,876,1716,1966,2131,12514.0
190,48381,47.0,73.0,265.0,296,437,496,503,2833.0,5327.0,15681.0,17502,26190,28189,28934,137713.0
191,48383,6.0,6.0,8.0,8,13,14,15,87.0,95.0,356.0,390,796,915,942,3849.0
192,48385,8.0,8.0,12.0,13,23,25,25,118.0,125.0,280.0,319,751,902,963,3452.0
193,48387,14.0,17.0,35.0,38,60,68,69,162.0,202.0,591.0,834,2058,2448,2522,12023.0
194,48389,8.0,10.0,40.0,47,65,74,75,196.0,279.0,1574.0,2376,4382,4960,5259,15976.0
195,48391,15.0,17.0,17.0,23,31,38,39,307.0,312.0,575.0,727,1611,1957,2108,6948.0
196,48393,0.0,0.0,1.0,1,1,2,2,9.0,14.0,53.0,66,156,181,187,854.0
197,48395,4.0,6.0,30.0,48,70,77,79,309.0,435.0,1128.0,2331,4343,4840,5112,17074.0
198,48397,29.0,34.0,115.0,159,242,268,272,1629.0,1984.0,9264.0,12384,24961,28662,30120,104915.0
199,48399,7.0,8.0,33.0,39,60,68,70,270.0,302.0,1182.0,1323,2156,2518,2628,10264.0
200,48401,21.0,29.0,87.0,113,201,234,237,962.0,1036.0,3297.0,4803,10038,11358,12049,54406.0
201,48403,9.0,10.0,37.0,45,78,89,90,78.0,102.0,470.0,531,1174,1366,1476,10542.0
202,48405,15.0,16.0,29.0,32,38,45,45,201.0,221.0,511.0,600,1000,1130,1152,8237.0
203,48407,11.0,14.0,24.0,39,90,104,106,227.0,241.0,739.0,1569,4885,6064,6252,28859.0
204,48409,79.0,82.0,127.0,155,315,341,351,1466.0,1572.0,3658.0,4787,9998,12511,13016,66730.0
205,48411,0.0,4.0,18.0,23,31,35,37,65.0,118.0,551.0,793,1185,1315,1355,6055.0
206,48413,2.0,2.0,6.0,6,9,9,9,53.0,55.0,213.0,257,482,549,574,2793.0
207,48415,8.0,16.0,57.0,62,95,105,106,646.0,1125.0,2374.0,2458,4787,5260,5601,16703.0
208,48417,0.0,0.0,2.0,5,12,12,12,25.0,40.0,229.0,281,614,727,1038,3265.0
209,48419,27.0,35.0,49.0,75,118,134,136,480.0,554.0,1384.0,2057,4104,4712,5089,25274.0
210,48421,1.0,2.0,12.0,12,16,16,16,63.0,77.0,126.0,240,457,508,514,3022.0
211,48423,120.0,161.0,391.0,499,870,977,993,3766.0,4594.0,17205.0,21470,42044,49595,53909,232751.0
212,48425,5.0,5.0,9.0,15,31,36,37,143.0,159.0,977.0,1112,1981,2145,2197,9128.0
213,48427,177.0,187.0,245.0,306,340,366,376,3409.0,3580.0,8207.0,9751,16361,21653,23259,64633.0
214,48429,4.0,5.0,22.0,26,39,47,51,134.0,165.0,714.0,803,1715,1944,2043,9366.0
215,48431,0.0,0.0,4.0,4,5,7,9,5.0,20.0,102.0,115,242,281,308,1291.0
216,48433,1.0,1.0,6.0,6,7,7,7,14.0,21.0,147.0,157,316,377,382,1350.0
217,48435,3.0,3.0,6.0,8,12,12,14,81.0,112.0,432.0,483,743,866,897,3776.0
218,48437,3.0,5.0,15.0,18,30,34,34,109.0,149.0,710.0,914,1839,2400,2549,7397.0
219,48439,761.0,904.0,2430.0,3200,4715,5310,5412,45851.0,59672.0,213611.0,271068,514567,580507,615821,2102515.0
220,48441,58.0,80.0,339.0,417,650,731,747,1485.0,2197.0,14214.0,16309,28696,34333,37491,138034.0
221,48443,0.0,0.0,2.0,2,3,3,3,3.0,4.0,80.0,80,111,131,135,776.0
222,48445,5.0,11.0,52.0,57,80,85,85,242.0,589.0,1621.0,1707,2110,2841,2886,12337.0
223,48447,2.0,2.0,5.0,5,7,9,10,8.0,19.0,68.0,73,253,277,291,1501.0
224,48449,32.0,38.0,75.0,85,114,129,134,1459.0,1609.0,3274.0,4289,7847,9106,9901,32750.0
225,48451,72.0,86.0,238.0,276,412,466,468,2257.0,2635.0,12091.0,13651,29125,34036,35402,119200.0
226,48453,437.0,459.0,816.0,1069,1569,1756,1803,29252.0,31943.0,67566.0,87946,207027,259286,278000,1273954.0
227,48455,7.0,8.0,21.0,33,67,73,75,196.0,208.0,570.0,922,2335,2907,3098,14651.0
228,48457,5.0,5.0,32.0,47,76,88,88,216.0,271.0,1084.0,1387,3232,4108,4725,21672.0
229,48459,11.0,16.0,55.0,80,164,187,192,389.0,511.0,2818.0,3674,7126,8264,8776,41753.0
230,48461,2.0,4.0,7.0,11,17,18,18,25.0,27.0,344.0,386,767,864,909,3657.0
231,48463,34.0,36.0,51.0,75,121,145,147,785.0,839.0,3111.0,4043,9983,11028,11366,26741.0
232,48465,127.0,141.0,195.0,222,265,304,305,2186.0,2562.0,7072.0,8165,13384,15188,15526,49025.0
233,48467,22.0,28.0,102.0,130,248,284,291,586.0,714.0,3478.0,4736,9728,11092,11454,56590.0
234,48469,97.0,101.0,162.0,235,371,413,423,4046.0,4291.0,7317.0,9654,17418,20621,21982,92084.0
235,48471,58.0,67.0,110.0,134,197,214,215,3709.0,3927.0,7614.0,8776,17360,20425,21543,72971.0
236,48473,15.0,17.0,36.0,53,96,108,109,856.0,1005.0,2938.0,4389,8841,10549,11229,55246.0
237,48475,1.0,3.0,21.0,24,39,46,49,128.0,172.0,1017.0,1237,2615,2973,3151,11998.0
238,48477,48.0,50.0,77.0,99,138,151,151,640.0,710.0,1757.0,4433,8567,9908,10465,35882.0
239,48479,309.0,361.0,687.0,813,943,1044,1063,13697.0,15371.0,38923.0,47985,83234,101968,107400,276652.0
240,48481,57.0,61.0,98.0,122,198,219,225,1364.0,1441.0,3348.0,4374,7960,10200,10927,41556.0
241,48483,0.0,0.0,9.0,11,16,23,23,48.0,86.0,446.0,577,1101,1235,1274,5056.0
242,48485,26.0,65.0,330.0,391,586,687,706,1741.0,3922.0,13844.0,15576,28156,34963,38327,132230.0
243,48487,2.0,6.0,50.0,56,79,88,90,188.0,371.0,1773.0,1933,3342,3717,3968,12769.0
244,48489,54.0,58.0,71.0,93,118,134,136,1213.0,1239.0,2151.0,3448,6263,7870,8351,21358.0
245,48491,144.0,160.0,364.0,500,794,889,917,8565.0,9529.0,35165.0,49778,120844,149867,160547,590551.0
246,48493,28.0,28.0,54.0,74,151,160,165,892.0,1007.0,3189.0,4942,10047,11732,12373,51070.0
247,48495,4.0,5.0,18.0,23,33,34,35,115.0,150.0,672.0,794,1712,1931,2063,8010.0
248,48497,15.0,17.0,104.0,129,232,274,280,760.0,959.0,6091.0,7861,16024,17829,18780,69984.0
249,48499,29.0,42.0,111.0,133,257,289,300,525.0,655.0,2889.0,3673,7513,8540,9214,45539.0
250,48501,5.0,8.0,24.0,27,37,42,42,224.0,319.0,847.0,880,1013,1355,1633,8713.0
251,48503,6.0,12.0,39.0,45,80,95,97,314.0,605.0,1888.0,2213,3630,4228,4326,18010.0
252,48505,9.0,9.0,28.0,37,47,55,56,333.0,357.0,1499.0,1830,2914,3973,4283,14179.0
253,48507,18.0,21.0,35.0,43,59,69,70,357.0,470.0,1468.0,1931,3739,4267,4410,11840.0
