County #,Population 10,White Pop 10,Black Pop 10,Asian Pop 10,Hispanic Pop 10,Male Pop 10,Female Pop 10,Age 0-4 Pop 10,Age 5-9 Pop 10,Age 10-14 Pop 10,Age 15-19 Pop 10,Age 20-24 Pop 10,Age 25-34 Pop 10,Age 35-44 Pop 10,Age 45-54 Pop 10,Age 55-64 Pop 10,Age 65-74 Pop 10,Age 75-84 Pop 10,Age 85-Up Pop 10,Median Age 10,Median Age Male 10,Median Age Female 10,# of Households 10,Avg Household Size 10,HH 1 Male 10,HH 1 Female 10,HH Married-Child 10,HH Married-noChild 10,HH Male-Child 10,HH Female-Child 10,# of Families 10,Avg Family Size 10,# of Housing Units 10,Housing Vacant 10,Housing Owner Occup 10,Housing Renter Occup 10
48001,58458,38632,12310,291,9287,35521,22937,3135,3258,3156,3107,3514,9237,9506,9397,6810,4181,2292,865,39.28974358974359,38.238461538461536,39.869230769230775,17218,2.5776923076923075,2002,2428,3656,5220,541,1604,12158,3.101025641025641,20116,2898,12432,4786
48003,14786,11749,222,91,7195,7368,7418,1226,1205,1173,1122,1000,1962,1780,2156,1499,895,573,195,33.28181818181818,32.08181818181818,34.47272727272727,5259,2.778181818181818,551,567,1554,1531,195,430,3976,3.2563636363636363,5814,555,4020,1239
48005,86771,62537,13035,785,17145,42515,44256,6506,6427,6550,6231,5470,10854,11113,11788,9989,6487,3859,1497,36.301923076923075,35.20961538461539,37.15769230769231,31090,2.733269230769231,3260,4155,7507,8687,884,3355,22429,3.2348076923076925,35589,4499,21342,9748
48007,23158,20231,303,455,5690,11485,11673,1190,1162,1284,1383,1032,1972,2325,3373,3835,3360,1765,477,49.0,48.400000000000006,49.544444444444444,9795,2.3027777777777776,1326,1398,1475,3669,262,629,6536,2.783333333333333,15355,5560,7326,2469
48009,9054,8504,40,18,675,4563,4491,472,585,707,673,434,837,1099,1616,1184,840,483,124,42.68888888888889,41.86666666666667,43.41111111111111,3538,2.52,419,409,879,1285,80,174,2597,2.9866666666666664,4107,569,2900,638
48011,1901,1774,11,0,124,928,973,107,109,109,137,61,202,201,282,299,216,128,50,46.199999999999996,44.800000000000004,47.4,751,2.4566666666666666,83,93,184,305,15,31,560,2.853333333333333,904,153,619,132
48013,44911,38130,359,156,27785,22130,22781,3337,3574,3803,3441,2586,5097,5647,6249,5466,3255,1805,651,36.528,35.504,37.36,15246,2.8876,1562,1587,4058,4347,620,1453,11543,3.3524000000000003,17631,2385,11559,3687
48015,28417,22379,2668,118,6641,14073,14344,1850,1897,2064,2004,1411,3052,3434,4405,3876,2476,1384,564,40.894999999999996,39.78,42.025,10837,2.5905,1158,1378,2573,3621,332,753,7866,3.0625,12926,2089,8192,2645
48017,7165,5392,86,30,4283,3621,3544,682,641,560,534,454,916,801,859,709,537,349,123,32.78333333333333,32.199999999999996,33.43333333333333,2468,2.9600000000000004,267,299,699,731,94,204,1832,3.4316666666666666,2784,316,1646,822
48019,20485,19010,98,57,3415,10172,10313,923,1044,1224,1212,742,1570,2206,3758,3692,2536,1232,346,49.26666666666667,49.291666666666664,49.24166666666667,8564,2.315,1149,1083,1552,3357,174,404,5912,2.7925,11561,2997,7158,1406
48021,74171,54750,5772,489,24190,37997,36174,5014,5414,5751,5156,3858,8597,10184,11887,9809,5046,2517,938,39.130769230769225,38.282051282051285,39.88974358974359,25840,2.7697435897435896,2855,2932,6518,7726,874,2070,18721,3.2512820512820513,29316,3476,19916,5924
48023,3726,3410,75,4,455,1795,1931,228,213,206,207,163,358,375,562,479,484,304,147,46.7,45.839999999999996,47.4,1669,2.198,243,330,283,539,38,92,1039,2.788,2665,996,1191,478
48025,31861,25092,2592,177,17906,19063,12798,1937,1945,1921,2180,2564,5204,4680,4700,3294,1885,1127,424,35.770833333333336,34.47083333333333,35.420833333333334,9042,2.6258333333333335,1038,1257,1994,2349,356,1013,6346,3.1454166666666663,10649,1607,5845,3197
48027,310235,190553,66700,8748,67010,153464,156771,28365,24487,22232,22116,30001,52838,39003,37298,26892,15032,8577,3394,32.22578947368421,31.383684210526315,33.090526315789475,114035,2.5556315789473683,13380,13933,29569,28709,3429,13047,80449,3.063578947368421,125470,11435,63424,50611
48029,1714773,1250252,128892,41739,1006958,840840,873933,130087,130307,128117,132660,133455,253267,230754,227116,173127,96241,57238,22404,35.11605166051661,33.72444649446495,36.42702952029521,608931,2.7992988929889298,71709,82300,144199,136484,19798,68237,416356,3.3245848708487085,662872,53941,368638,240293
48031,10497,9475,69,51,1909,5300,5197,551,618,712,613,416,888,1209,1706,1873,1142,539,230,46.01428571428572,44.542857142857144,47.24285714285714,4309,2.4085714285714284,563,565,878,1625,100,216,3007,2.91,5532,1223,3427,882
48033,641,600,0,1,95,335,306,28,32,49,44,27,52,79,105,92,74,47,12,45.8,44.0,47.1,264,2.43,30,28,60,107,3,7,190,2.89,385,121,173,91
48035,18212,16372,296,41,2926,9053,9159,1016,1118,1220,1204,786,1692,2023,2667,2642,2202,1109,533,44.9,43.34,46.38666666666666,7254,2.4733333333333336,942,981,1455,2654,181,450,5081,2.994,9623,2369,5542,1712
48037,92565,63641,22387,734,6062,46758,45807,5921,6250,6297,6378,5645,12341,12190,13300,11140,7028,4221,1854,37.94864864864864,36.304054054054056,39.35945945945946,34669,2.4582432432432433,4095,5525,6884,9391,898,4040,23615,3.014189189189189,38493,3824,22731,11938
48039,313166,219416,37761,17227,86643,159000,154166,24728,24514,23549,22208,17571,43475,47387,46709,33102,17698,9240,2985,36.072471910112355,35.3123595505618,36.81853932584269,106589,2.788258426966292,10345,10823,32818,29445,3443,8882,80641,3.236123595505618,118336,11747,79477,27112
48041,194851,142814,21414,10083,45405,98630,96221,12506,11215,10019,23513,42690,29816,19168,18218,13647,7755,4488,1816,29.625423728813562,28.822033898305083,30.288983050847456,71739,2.6211016949152546,9197,9876,13467,14149,1374,5200,38399,3.0973728813559323,77700,5961,32413,39326
48043,9232,7993,104,66,3918,4636,4596,542,526,529,481,675,1205,1017,1294,1432,885,475,171,42.25555555555556,41.73333333333333,42.8,4207,2.192222222222222,801,754,655,1112,87,243,2329,2.8677777777777775,5383,1176,2553,1654
48045,1637,1433,41,0,411,815,822,103,90,103,100,68,160,172,240,243,178,132,48,45.9,44.7,47.0,692,2.37,90,106,146,268,14,31,483,2.87,953,261,535,157
48047,7223,6471,37,21,6590,3579,3644,619,520,532,562,474,734,684,957,915,670,430,126,38.971428571428575,36.05714285714286,42.17142857142857,2642,2.662857142857143,337,353,512,638,105,367,1873,3.2485714285714287,3239,597,1829,813
48049,38106,32962,1382,163,7453,18838,19268,2368,2538,2583,2741,2348,4254,4380,5314,4976,3705,2053,846,39.14375,37.89375,40.378125,14778,2.4890625,1793,2177,3021,4657,407,1206,10105,3.0215625,18287,3509,10452,4326
48051,17187,13392,2098,28,3166,8504,8683,1074,1112,1151,1120,865,1706,2031,2676,2445,1549,1053,405,43.028571428571425,42.1,43.85,6822,2.5021428571428572,879,927,1407,2228,181,461,4743,2.998571428571428,8832,2010,5390,1432
48053,42750,37825,766,203,8652,20989,21761,2498,2787,2898,2709,2063,4495,4775,6402,6178,4480,2553,912,43.52222222222222,42.27407407407408,44.544444444444444,16511,2.5144444444444445,1690,2226,3505,6044,435,1073,11848,2.9792592592592593,20870,4359,12348,4163
48055,38066,28865,2585,357,17922,19180,18886,2614,2694,2779,3420,2963,4647,4895,5252,4292,2440,1468,602,36.132,34.896,37.208,12301,2.8148,1384,1462,3008,3304,488,1185,8904,3.3160000000000003,13759,1458,8561,3740
48057,21381,17432,565,948,9922,10847,10534,1526,1517,1589,1649,1197,2438,2520,3082,2629,1809,1112,313,39.13529411764706,38.970588235294116,39.4,7766,2.708235294117647,985,819,1848,2413,292,634,5613,3.1999999999999997,11410,3644,5525,2241
48059,13544,12724,141,57,1025,6607,6937,779,911,952,856,643,1420,1516,2085,1917,1405,802,258,43.25,42.574999999999996,43.75833333333333,5447,2.4741666666666666,647,700,1187,1919,148,361,3893,2.9175,6549,1102,4287,1160
48061,406220,353423,2155,2689,357747,195394,210826,35854,38299,37660,35621,26747,51844,51786,45941,37577,24645,15244,5002,32.06383928571429,30.050892857142856,33.91607142857143,119631,3.3256249999999996,8670,10923,38731,27374,3955,17019,96579,3.736964285714286,141924,22293,80412,39219
48063,12401,8402,2163,60,2648,6086,6315,899,931,957,884,684,1441,1341,1641,1630,1130,626,237,37.51111111111111,35.65555555555555,39.077777777777776,4678,2.6811111111111114,526,640,1013,1437,127,468,3351,3.201111111111111,5656,978,3260,1418
48065,6182,5803,35,19,525,3042,3140,363,452,484,404,246,610,735,967,860,554,372,135,43.13333333333333,42.35,44.083333333333336,2452,2.4466666666666668,292,290,593,916,68,133,1802,2.9166666666666665,2784,332,2064,388
48067,30464,24079,5315,91,1053,14777,15687,1780,1908,2058,1998,1479,3130,3597,4451,4248,3279,1835,701,42.55714285714286,40.81071428571429,43.971428571428575,12429,2.421071428571429,1521,1872,2364,3981,343,1116,8643,2.9325,14379,1950,9470,2959
48069,8062,5532,162,33,4828,4084,3978,699,713,700,618,458,968,897,1028,904,554,409,114,35.385714285714286,35.2,35.385714285714286,2744,2.894285714285714,318,271,837,814,88,210,2091,3.3642857142857143,3166,422,1859,885
48071,35096,27582,2872,339,6635,17661,17435,2438,2752,2998,2826,1774,4269,5272,5287,4186,2004,970,320,36.33157894736842,35.93157894736842,36.752631578947366,11952,2.668421052631579,1061,936,4032,3703,373,849,9547,3.0321052631578946,13291,1339,10190,1762
48073,50845,36450,7498,237,10499,25850,24995,3627,3713,3647,3848,3094,5989,6180,6862,6277,4212,2426,970,37.9,36.52,39.18571428571428,17894,2.6862857142857144,1891,2416,4134,5367,520,1700,12907,3.204,20859,2965,12961,4933
48075,7041,5774,698,50,1885,4121,2920,424,396,426,441,617,1341,798,823,710,543,380,142,36.58571428571429,34.18571428571429,35.471428571428575,2326,2.0942857142857143,323,394,503,677,60,186,1530,2.5885714285714285,2883,557,1660,666
48077,10752,10224,57,28,467,5283,5469,602,630,732,732,420,1048,1244,1794,1631,1132,612,175,44.27272727272727,43.309090909090905,45.02727272727273,4319,2.4672727272727273,474,557,983,1643,94,233,3143,2.9209090909090913,5150,831,3602,717
48079,3127,2288,125,5,1654,1535,1592,248,244,249,276,191,337,327,442,348,274,146,45,35.63333333333333,35.833333333333336,35.266666666666666,1113,2.736666666666667,132,135,281,318,39,99,814,3.283333333333333,1360,247,853,260
48081,3320,3036,8,5,602,1626,1694,166,192,206,193,119,293,313,497,479,478,298,86,48.9,47.725,49.9,1466,2.2275,216,242,253,548,35,77,971,2.76,2667,1201,1168,298
48083,8895,7841,197,32,1419,4416,4479,501,551,596,526,372,774,989,1316,1336,1057,677,200,45.32727272727272,44.63636363636363,46.00909090909091,3857,2.311818181818182,597,597,615,1307,101,263,2518,2.8518181818181816,5543,1686,2801,1056
48085,782341,560036,66387,87752,115354,384363,397978,58849,66143,64240,53314,38779,109795,135907,119102,76164,38320,15957,5771,36.736152219873155,36.167230443974624,37.2646934460888,283759,2.7748837209302324,27554,34798,94073,74657,6581,19069,206793,3.196828752642706,300960,17201,193043,90716
48087,3057,2338,134,4,916,1498,1559,256,216,235,208,152,352,315,416,361,259,201,86,39.2,37.025000000000006,41.1,1179,2.5425,130,182,276,380,39,96,840,3.07,1616,437,917,262
48089,20874,15676,2740,77,5452,10347,10527,1326,1324,1412,1418,998,2092,2184,3112,2968,2123,1351,566,43.21666666666667,41.67777777777778,44.56666666666667,8182,2.52,1058,1161,1672,2747,210,576,5700,3.0616666666666665,10527,2345,6227,1955
48091,108472,97044,1727,849,26989,53254,55218,6211,7121,7654,7142,5084,10802,13865,17614,16124,9838,5096,1921,42.3125,41.4640625,43.15,41363,2.61265625,3838,4995,9956,15069,925,2519,30581,3.03625,47108,5745,31714,9649
48093,13974,12417,53,35,3605,6885,7089,938,862,956,948,694,1289,1604,1915,1845,1662,901,360,42.028571428571425,41.228571428571435,42.721428571428575,5580,2.5042857142857144,714,837,1186,1899,133,354,3838,3.062857142857143,7223,1643,4261,1319
48095,4087,3553,77,14,2173,2793,1294,161,162,167,161,198,698,808,669,503,339,158,63,43.63333333333333,43.800000000000004,47.03333333333333,1041,2.4,156,120,187,405,25,74,744,2.8466666666666662,1637,596,786,255
48097,38437,32943,1054,290,5997,19056,19381,2687,2641,2663,2949,2236,4210,4407,5482,5062,3390,1985,725,38.306666666666665,37.03333333333333,39.583333333333336,14513,2.6233333333333335,1576,1924,3267,4770,410,1110,10321,3.1353333333333335,16606,2093,10295,4218
48099,75388,53033,11943,1423,11973,36892,38496,6687,6016,5381,4821,7585,13764,10763,8944,5743,3484,1677,523,31.52916666666667,30.679166666666664,32.56666666666667,22545,2.5370833333333334,2218,2388,7239,5723,642,2352,16991,2.910833333333333,25178,2633,12490,10055
48101,1505,1212,133,0,316,713,792,78,114,98,93,54,129,140,216,225,192,119,47,46.73333333333333,45.699999999999996,47.56666666666666,677,2.23,84,140,103,232,16,51,437,2.8066666666666666,968,291,476,201
48103,4375,3243,125,16,2409,2145,2230,335,349,363,383,248,502,567,669,466,274,146,73,35.62,35.260000000000005,35.92,1471,2.898,140,143,482,432,48,118,1143,3.3240000000000003,1632,161,1187,284
48105,3719,3092,30,13,2352,1831,1888,297,270,254,258,157,444,446,561,487,316,166,63,39.56,39.38,39.36,1422,2.5759999999999996,182,165,372,451,57,89,1038,3.0420000000000003,1866,444,988,434
48107,6059,4784,209,6,3171,2917,3142,505,458,457,480,285,662,665,789,700,575,342,141,40.06666666666667,39.25,40.78333333333333,2237,2.6300000000000003,253,306,506,694,97,201,1613,3.145,2902,665,1550,687
48109,2398,1892,15,24,1827,1167,1231,179,180,185,185,147,244,290,328,306,203,120,31,38.7,37.65,39.275,908,2.5925000000000002,111,134,200,230,25,102,630,3.175,1137,229,634,274
48111,6703,5371,84,41,2717,3482,3221,624,554,514,494,446,938,934,871,699,384,182,63,33.333333333333336,32.63333333333333,34.083333333333336,2448,2.6966666666666668,358,240,696,651,80,197,1743,3.223333333333333,2827,379,1476,972
48113,2368139,1267861,528200,119250,905940,1171002,1197137,192838,183511,173403,169193,171581,385041,342987,317883,223730,116736,65429,25807,34.434152186938285,33.4301378070701,35.30868783702816,855960,2.813067705212702,111578,128268,200367,172913,27869,94197,559417,3.368615937687238,943257,87297,455741,400219
48115,13833,10606,905,49,7387,7815,6018,1055,921,894,896,1071,2347,1634,1727,1355,983,690,260,35.99285714285714,33.99285714285714,38.57142857142857,4385,2.685,468,675,997,1309,146,416,3115,3.2199999999999998,5220,835,3164,1221
48117,19372,15075,242,61,13039,9652,9720,1841,1755,1672,1583,1243,2583,2288,2313,1870,1154,756,314,31.741176470588236,30.576470588235292,32.817647058823525,6365,2.9970588235294113,620,667,1862,1679,265,682,4843,3.4529411764705884,7077,712,4121,2244
48119,5231,4461,380,30,288,2563,2668,309,295,337,364,270,503,606,779,731,620,301,116,43.425,42.25,44.425,2088,2.4699999999999998,256,283,408,725,57,157,1480,2.96,2458,370,1640,448
48121,662614,497260,55534,43478,120836,325960,336654,49790,53383,50568,47837,50684,99794,108081,96006,60428,29152,12350,4541,34.98968253968254,34.471428571428575,35.50396825396825,240289,2.7506349206349205,25154,29383,73485,60075,5982,16951,167934,3.185396825396825,256139,15850,156874,83415
48123,20097,15206,1876,44,6502,10447,9650,1242,1206,1260,1247,918,2238,2508,3084,2717,1816,1285,576,42.699999999999996,40.86470588235294,44.358823529411765,7407,2.463529411764706,918,1177,1411,2338,230,625,5055,3.0164705882352942,9176,1769,5548,1859
48125,2444,2052,99,22,708,1383,1061,132,150,130,136,124,334,284,370,303,276,142,63,42.63333333333333,40.13333333333333,48.53333333333333,930,2.29,124,158,172,334,24,44,616,2.8466666666666662,1282,352,701,229
48127,9996,8860,99,56,8616,4839,5157,819,834,804,811,603,1046,1144,1263,1253,737,482,200,36.3,34.84285714285714,37.5,3421,2.8714285714285714,344,409,817,843,125,457,2556,3.3757142857142854,4350,929,2478,943
48129,3677,3307,164,9,309,1825,1852,203,185,200,405,227,361,352,488,478,415,284,79,41.75,39.5,43.775,1517,2.2775,231,244,267,521,39,95,996,2.83,2142,625,1103,414
48131,11782,10247,110,22,10424,6077,5705,844,817,856,926,780,1365,1367,1629,1307,1046,645,200,37.540000000000006,36.660000000000004,38.55,4090,2.779,518,503,876,1037,177,442,2939,3.316,5523,1433,3172,918
48133,18583,16697,335,62,2673,9071,9512,1114,1139,1165,1552,1058,1926,1789,2667,2484,1984,1215,490,42.22631578947368,40.43684210526315,43.857894736842105,7465,2.3642105263157895,957,1275,1397,2367,189,546,4907,2.935263157894737,10258,2793,5522,1943
48135,137130,104653,6141,1080,72331,67686,69444,12075,11256,10356,10579,10914,19714,16395,18201,13686,7654,4828,1472,32.710091743119264,31.60183486238532,33.83761467889909,48688,2.7749541284403674,6085,5842,12521,11665,1878,5415,34588,3.2975229357798166,53027,4339,32950,15738
48137,2002,1739,11,7,1027,1021,981,114,130,101,123,96,169,193,295,344,263,132,42,47.9,47.650000000000006,47.75,839,2.355,119,116,165,310,19,48,580,2.88,1606,767,679,160
48139,149610,117662,13482,851,35161,73870,75740,10939,11907,12773,12035,8937,18302,20968,22191,16613,8980,4456,1509,35.6031914893617,34.59255319148936,36.57234042553192,50503,2.9319148936170216,3916,4913,15691,15218,1593,4340,39721,3.3191489361702127,54365,3862,37582,12921
48141,800647,656993,24864,8284,658134,387876,412771,64621,66100,67882,69454,62186,106712,104786,101858,74825,44235,28524,9464,33.894152046783624,31.796101364522418,35.64327485380117,256557,3.0521442495126707,24125,26770,75353,54942,8282,35589,196625,3.514775828460039,270307,13750,161695,94862
48143,37890,32441,451,257,7279,18605,19285,2397,2343,2234,3641,5201,4697,4045,4649,3904,2558,1567,654,33.15862068965517,32.38620689655173,33.86206896551724,14569,2.4993103448275864,1787,2140,3140,4004,365,807,9003,3.076206896551724,16987,2418,8868,5701
48145,17866,10832,4524,46,3716,8494,9372,1069,1047,1068,1151,1205,2304,2328,2643,2176,1520,967,388,40.83846153846154,39.88461538461539,42.42307692307692,6302,2.5023076923076926,889,933,1106,1842,163,624,4214,3.1184615384615384,7724,1422,4467,1835
48147,33915,29172,2312,125,3226,17988,15927,1981,2082,2103,2195,1943,4098,4321,5119,4308,3187,1799,779,41.54333333333333,40.45333333333333,41.18333333333333,12149,2.4346666666666668,1329,1722,2696,4014,341,880,8620,2.9146666666666667,14191,2042,8990,3159
48149,24554,20491,1632,66,4585,12081,12473,1377,1453,1583,1493,1018,2338,2537,3785,3701,2741,1670,858,45.512,44.42,46.644,10078,2.3988,1257,1491,2046,3641,235,571,7015,2.9063999999999997,13868,3790,7817,2261
48151,3974,3444,136,8,999,1958,2016,220,220,237,317,161,343,456,585,551,455,322,107,44.68,43.72,45.82,1668,2.378,214,269,333,570,45,97,1139,2.9219999999999997,2212,544,1249,419
48153,6446,4916,232,11,3410,3176,3270,493,503,527,488,318,671,718,843,740,569,430,146,39.3875,38.475,40.35,2402,2.6574999999999998,254,310,605,774,85,200,1790,3.1225,3004,602,1765,637
48155,1336,1211,53,5,187,637,699,57,77,77,102,61,110,148,211,174,166,103,50,46.6,46.1,47.2,573,2.28,87,85,102,204,12,35,378,2.83,789,216,442,131
48157,585375,296310,125818,99370,138967,287368,298007,43748,49129,50577,45528,30943,73131,92981,92234,64346,26908,11793,4057,36.85311004784689,35.57464114832536,37.895693779904306,187384,3.0658373205741625,12084,15895,69156,52444,4719,16345,153765,3.4160765550239236,197030,9646,149749,37635
48159,10605,9178,417,50,1333,5215,5390,699,761,705,689,579,1051,1175,1490,1475,1118,641,222,43.6,42.51428571428572,44.84285714285714,4159,2.488571428571429,471,562,900,1445,107,338,3002,2.96,5770,1611,3137,1022
48161,19816,14484,3193,58,2694,10437,9379,1229,1306,1284,1221,952,2400,2570,2948,2621,1869,1009,407,40.01538461538462,38.292307692307695,41.7,7259,2.5084615384615385,870,1089,1648,2309,192,492,5041,3.0646153846153843,9265,2006,5648,1611
48163,17217,13326,584,367,13401,10032,7185,1204,1144,1136,1357,1510,2958,2226,2051,1695,1063,675,198,34.63333333333333,33.40833333333333,38.65833333333333,4854,2.813333333333333,549,592,1162,1196,188,648,3529,3.3058333333333336,5846,992,3287,1567
48165,17526,14726,305,44,6413,8798,8728,1819,1731,1612,1518,1232,2377,2016,2205,1439,882,536,159,30.753846153846155,30.161538461538463,31.45384615384615,5606,2.977692307692308,540,481,2118,1568,143,371,4462,3.4492307692307693,6301,695,4324,1282
48167,291309,211088,40112,8690,65270,144234,147075,19979,20559,20821,20852,17499,37720,39206,46122,35747,18922,10215,3667,38.891709844559585,37.80466321243524,39.92227979274612,108969,2.571243523316062,13150,13781,26022,29345,3301,9701,75747,3.114974093264249,132492,23523,74944,34025
48169,6461,5348,420,8,3046,4092,2369,382,323,324,489,655,1193,748,967,678,392,226,84,37.1,36.160000000000004,37.8,1671,2.626,197,229,388,509,53,151,1197,3.132,2237,566,1160,511
48171,24837,22667,89,89,4969,11968,12869,1234,1358,1503,1398,947,2047,2425,3458,3881,3285,2217,1084,49.1875,47.6,50.59375,10572,2.310625,1174,1831,1907,4175,190,523,7234,2.823125,12778,2206,7969,2603
48173,1226,1044,15,1,378,649,577,79,90,105,103,41,151,152,190,155,102,52,6,37.75,37.849999999999994,37.6,441,2.7800000000000002,58,25,146,169,6,13,345,3.19,580,139,303,138
48175,7210,6035,343,15,2462,3596,3614,385,442,472,528,273,600,840,1128,1170,772,430,170,44.31666666666666,43.333333333333336,45.18333333333333,2868,2.4916666666666667,359,352,564,1059,65,193,2061,2.9949999999999997,3710,842,2295,573
48177,19807,14158,1468,78,9353,9959,9848,1530,1544,1442,1384,1197,2301,2302,2788,2327,1614,989,389,37.34375,36.225,38.31875,7120,2.76125,872,904,1618,2038,266,691,5088,3.285,8794,1674,4843,2277
48179,22535,18363,1097,91,5365,11703,10832,1636,1589,1402,1444,1222,2915,2904,3214,2597,1845,1306,461,38.391666666666666,37.25,39.824999999999996,8443,2.4895833333333335,1033,1288,1890,2612,301,600,5798,3.0108333333333337,10158,1715,6275,2168
48181,120877,101371,7081,1046,13688,58917,61960,7833,8049,8288,8639,7545,13721,14715,18051,15261,10276,6126,2373,39.154347826086955,37.78913043478261,40.44456521739131,46905,2.555,5178,6770,10037,14367,1473,3816,32534,3.0582608695652174,53727,6822,32545,14360
48183,121730,81928,24390,1343,20018,59468,62262,9081,8653,8272,8870,8891,16657,14666,16642,13522,8387,5775,2314,36.70210526315789,34.75052631578948,38.20947368421053,45798,2.6110526315789473,5324,7039,10008,12014,1420,4626,31188,3.126105263157895,49514,3716,27941,17857
48185,26604,19409,4390,63,5652,14487,12117,1580,1709,1686,1720,1556,3319,3475,4305,3582,2191,1076,405,40.66111111111111,39.91111111111111,41.483333333333334,8902,2.6094444444444442,1062,1087,2026,2708,306,718,6361,3.1083333333333334,10917,2015,6832,2070
48187,131533,105017,8512,1861,46889,64762,66771,9197,9984,10650,10310,7366,15763,18987,19448,14531,8920,4705,1672,37.548648648648644,36.37432432432432,38.62567567567568,45762,2.833108108108108,4075,4754,13201,13777,1455,3890,34938,3.2432432432432434,50015,4253,35115,10647
48189,36273,25670,1925,142,20269,18737,17536,3016,2928,2865,2833,2872,4790,4453,4645,3436,2251,1579,605,33.223333333333336,32.32,34.27333333333333,11846,2.8506666666666667,1206,1427,3157,3224,469,1280,8781,3.319,13541,1695,7648,4198
48191,3353,2579,242,3,1087,1657,1696,218,245,256,243,131,304,329,443,425,405,254,100,43.666666666666664,43.06666666666666,44.4,1372,2.4066666666666667,197,236,284,430,35,97,901,3.0566666666666666,1943,571,997,375
48193,8517,7913,46,34,863,4195,4322,469,482,538,509,371,812,899,1189,1143,1067,676,362,46.15555555555555,44.03333333333333,48.599999999999994,3442,2.3966666666666665,450,500,677,1235,78,198,2357,2.888888888888889,4566,1124,2610,832
48195,5613,4593,36,16,2430,2803,2810,466,501,446,440,270,653,688,768,615,402,263,101,35.7,35.5,36.019999999999996,2006,2.766,221,223,643,655,58,106,1514,3.2439999999999998,2338,332,1539,467
48197,4139,3538,246,12,889,2051,2088,269,289,292,264,171,431,461,575,579,454,251,103,42.7,40.88,44.160000000000004,1722,2.396,229,275,315,524,57,144,1139,2.944,2417,695,1235,487
48199,54635,49505,3193,276,2384,26942,27693,3686,3916,4118,3787,3148,6636,7010,8254,6698,4244,2357,781,38.9054054054054,37.24594594594594,40.23243243243243,20462,2.6213513513513513,2005,2352,5346,6537,640,1580,15302,3.0635135135135134,22597,2135,16429,4033
48201,4092459,2318256,775492,253032,1671540,2037405,2055054,336314,320339,306560,300676,297495,661590,588282,548550,399166,195502,101297,36688,34.16996268656716,33.29347014925373,34.979664179104475,1435155,2.860648320895522,177341,184547,372525,307469,48479,150385,985652,3.3874347014925372,1598698,163543,814810,620345
48203,65631,45020,14398,339,7254,32224,33407,4676,4720,4708,4726,4176,8016,7903,9718,8272,4966,2770,980,36.99038461538461,35.78846153846154,38.33461538461539,24523,2.6144230769230767,2807,3146,5564,7184,742,2402,17622,3.121923076923077,27704,3181,18004,6519
48205,6062,5272,418,29,1448,3700,2362,349,393,403,308,170,945,1121,1008,608,401,245,111,38.550000000000004,37.725,38.175,1771,2.6550000000000002,175,229,531,625,42,81,1311,3.11,1946,175,1241,530
48207,5899,4876,220,31,1414,3104,2795,311,350,340,361,286,672,655,855,783,619,465,202,44.98333333333333,44.166666666666664,46.56666666666666,2297,2.3366666666666664,325,370,397,793,63,148,1533,2.8783333333333334,3443,1146,1779,518
48209,157107,126712,5536,1821,55401,78255,78852,10571,10978,10914,14029,20180,21188,20077,19952,15933,8047,3817,1421,34.265,33.68625,34.81875,55245,2.703125,5635,6366,14276,14036,1471,3655,36281,3.159125,59417,4172,36172,19073
48211,3807,3310,9,18,1086,1928,1879,326,321,283,262,178,491,494,500,460,260,157,75,36.925,36.275,37.400000000000006,1382,2.7175000000000002,155,150,417,460,33,70,1039,3.195,1629,247,1027,355
48213,78532,67395,4887,328,8490,38468,40064,4668,4911,5201,5168,4108,8179,9113,11214,10938,8707,4777,1548,43.10740740740741,41.90185185185185,44.21851851851852,31020,2.4972222222222222,3602,4333,6055,10458,833,2344,21612,2.9731481481481485,39595,8575,23548,7472
48215,774769,681649,4569,7478,702206,376944,397825,74538,77266,73809,69480,56461,108260,102250,80041,60416,39726,24513,8009,30.765191740412977,29.246312684365783,32.18761061946903,216471,3.4899410029498523,14060,16215,79917,46981,7136,29396,179668,3.8584070796460175,248287,31816,151533,64938
48217,35089,29307,2224,118,6427,17208,17881,2291,2371,2469,2354,1994,3704,4008,4797,4683,3565,2059,794,41.24166666666667,40.199999999999996,42.25,13238,2.6054166666666667,1459,1731,2923,4452,358,975,9524,3.0908333333333338,16118,2880,9999,3239
48219,22935,18000,837,63,9993,11297,11638,1754,1741,1658,2120,1743,2793,2461,3191,2547,1641,972,314,35.144444444444446,34.17777777777778,36.03888888888889,8242,2.693888888888889,895,973,2056,2471,302,733,6059,3.1622222222222223,9293,1051,5775,2467
48221,51182,47378,252,303,5234,25181,26001,2918,2908,3090,3029,2319,5130,5555,7560,7781,6390,3318,1184,45.080000000000005,44.09,46.04666666666667,20795,2.4406666666666665,2197,2804,4062,8253,529,1165,14913,2.880666666666667,24951,4156,16205,4590
48223,35161,28646,2483,175,5368,17421,17740,2434,2508,2453,2515,2031,4014,4397,5009,4352,3020,1745,683,39.01111111111111,37.7962962962963,40.229629629629635,13308,2.615555555555556,1473,1748,3208,4199,352,997,9566,3.107037037037037,15029,1721,9434,3874
48225,23732,15896,6179,95,2364,12769,10963,1362,1274,1312,1536,1083,2696,3058,3703,3146,2457,1468,637,43.18571428571428,41.095238095238095,44.59047619047619,8656,2.4366666666666665,1069,1436,1520,2724,219,799,5868,2.982857142857143,11532,2876,6314,2342
48227,35012,25928,2181,267,13255,19720,15292,2267,2185,2047,2542,2484,4676,4161,6092,3943,2444,1623,548,37.80357142857143,37.06785714285714,38.18928571428571,11333,2.577142857142857,1457,1618,2254,3141,434,1154,7751,3.1167857142857143,13124,1791,7670,3663
48229,3476,2738,48,16,2768,1750,1726,242,281,309,319,163,370,386,512,422,292,150,30,39.06666666666667,39.36666666666667,38.699999999999996,1174,2.7100000000000004,180,99,343,325,27,119,867,3.3200000000000003,1527,353,905,269
48231,86129,70248,7133,916,11751,42700,43429,5713,5964,6104,6267,5973,10138,10844,12776,10349,7080,3597,1324,37.662295081967216,36.75573770491803,38.5672131147541,32076,2.6370491803278693,3662,4042,7364,9705,940,2541,22617,3.138688524590164,36704,4628,22263,9813
48233,22150,18944,558,91,4386,11077,11073,1601,1618,1614,1543,1186,2740,2564,3181,2837,1667,1216,383,37.95454545454545,37.28181818181818,38.56818181818182,8812,2.4968181818181816,1201,1141,2009,2786,270,658,6128,3.0127272727272727,10629,1817,6774,2038
48235,1599,1464,11,3,407,807,792,68,89,123,134,63,133,187,297,214,168,97,26,44.349999999999994,43.2,45.15,653,2.45,83,80,148,239,22,35,470,2.94,856,203,505,148
48237,9044,7913,340,31,1283,5030,4014,485,521,622,599,629,1143,1232,1395,1068,784,443,123,38.96666666666667,37.6,40.96666666666667,3136,2.533333333333333,396,409,753,1038,80,185,2213,3.0566666666666666,4095,959,2398,738
48239,14075,11446,988,50,4079,6947,7128,1030,971,1001,959,732,1640,1568,2049,1812,1237,783,293,39.88181818181818,38.77272727272727,41.11818181818182,5284,2.6290909090909094,575,724,1230,1713,141,384,3787,3.108181818181818,6590,1306,3904,1380
48241,35710,27738,5959,200,2017,17543,18167,2439,2514,2381,2406,1836,4055,4203,5218,4726,3377,1939,616,39.970370370370375,38.714814814814815,41.266666666666666,13770,2.5296296296296297,1532,1892,3002,4412,370,1264,9886,3.027037037037037,16798,3028,10819,2951
48243,2342,2113,23,7,790,1187,1155,89,107,122,187,67,154,198,373,502,345,147,51,51.25,51.2,51.3,1034,2.2,155,157,152,441,16,39,684,2.705,1613,579,792,242
48245,252273,131574,85291,8630,42899,128946,123327,17162,16195,16392,18380,19123,35766,31521,37127,28605,16066,11547,4389,36.91893203883495,35.48834951456311,38.24320388349515,93441,2.5606796116504853,12452,14263,18170,22727,2691,10574,61812,3.1241747572815535,104424,10983,59066,34375
48247,5300,4658,22,15,4907,2616,2684,460,412,425,356,327,629,619,638,645,454,258,77,35.925,34.525,37.35,1902,2.775,220,263,479,471,75,194,1380,3.3325,2441,539,1387,515
48249,40838,35620,237,151,32254,20107,20731,3345,3053,3369,3238,2588,4887,4867,5482,4677,2920,1810,602,35.34838709677419,33.7,37.099999999999994,13961,2.885483870967742,1437,1512,3496,3649,608,1637,10482,3.357741935483871,16147,2186,10171,3790
48251,150934,131622,3979,982,27319,75519,75415,10780,11541,11796,11099,8829,18974,20670,22567,17347,10516,5226,1589,36.647422680412376,35.667010309278346,37.656701030927834,52193,2.8353608247422684,4551,5171,14974,16328,1824,4052,40247,3.2261855670103095,56719,4526,39698,12495
48253,20202,14375,2344,79,5009,12383,7819,949,1009,1088,1139,1464,3192,3107,3170,2320,1550,865,349,41.53125,40.13125,43.6125,6034,2.606875,731,803,1285,2043,164,417,4236,3.088125,7422,1388,4771,1263
48255,14824,10408,1377,32,7376,8842,5982,834,800,823,878,1160,2456,2002,2150,1653,1019,774,275,39.050000000000004,37.766666666666666,42.208333333333336,4463,2.5783333333333336,574,637,890,1335,152,412,3109,3.1266666666666665,5650,1187,3191,1272
48257,103350,81776,10730,903,17548,50811,52539,7754,8388,8604,7649,5451,13299,14956,15203,11424,6423,3122,1077,37.31016949152543,36.15762711864407,38.293220338983055,34964,2.868983050847458,2722,3386,10920,10369,1163,2933,27450,3.2667796610169493,38322,3358,27426,7538
48259,33410,30299,167,209,6829,16299,17111,1764,2192,2594,2351,1431,2813,3974,5594,5113,3181,1650,753,43.804761904761904,42.50952380952381,45.0,12617,2.606190476190476,1102,1642,3241,4736,250,641,9441,3.040952380952381,14055,1438,9529,3088
48261,416,364,5,1,319,212,204,27,21,31,30,34,43,46,65,60,28,24,7,41.0,40.0,42.1,147,2.83,21,16,37,39,9,7,104,3.36,233,86,52,95
48263,808,753,8,0,120,392,416,38,57,59,47,22,61,84,121,111,86,90,32,48.4,46.1,50.9,350,2.16,65,65,58,106,7,24,209,2.82,552,202,254,96
48265,49625,43505,884,373,11895,24068,25557,2587,2760,2825,3199,2572,4524,4894,6807,7143,6215,4288,1811,46.945454545454545,45.38484848484848,48.28787878787879,20550,2.33,2401,3579,3404,7323,402,1336,13549,2.868484848484848,23831,3281,14958,5592
48267,4607,4216,18,19,1077,2281,2326,235,238,294,256,158,418,479,664,814,597,340,114,45.76,44.17999999999999,46.980000000000004,2016,2.31,294,340,327,725,41,109,1307,2.872,3371,1355,1504,512
48269,286,268,0,0,39,141,145,11,18,26,24,8,23,43,60,35,20,17,1,43.1,43.4,43.0,113,2.53,9,14,30,49,2,5,88,2.89,186,73,45,68
48271,3598,3187,53,10,2004,1955,1643,190,163,222,230,205,351,425,451,487,456,343,75,42.86666666666667,39.9,45.96666666666667,1350,2.5566666666666666,179,203,270,520,22,55,927,3.1566666666666667,1940,590,1053,297
48273,32061,25618,1201,751,22495,16337,15724,2479,2249,2032,3053,4049,4355,3443,3595,3125,2093,1145,443,31.672727272727272,30.50909090909091,32.945454545454545,11097,2.7140909090909093,1371,1262,2335,2595,445,1254,7462,3.2322727272727274,12787,1690,6292,4805
48275,3719,2842,214,7,1101,1835,1884,278,260,255,238,152,409,404,508,425,375,298,117,42.075,41.85,42.275,1506,2.4125,222,239,301,474,40,116,996,2.995,2044,538,1111,395
48277,49793,39489,6703,311,3223,24044,25749,3187,3261,3490,3643,3065,5505,6276,6954,6136,4655,2560,1061,39.328947368421055,37.70789473684211,40.70789473684211,19829,2.466842105263158,2321,3086,3943,5871,561,1929,13619,3.0147368421052634,22481,2652,13194,6635
48279,13977,10403,598,20,7231,6964,7013,1139,1117,1119,1079,764,1578,1556,1901,1497,1130,812,285,37.449999999999996,35.733333333333334,39.083333333333336,5081,2.7133333333333334,568,654,1259,1505,191,446,3699,3.2075,6128,1047,3676,1405
48281,19677,16792,632,201,3443,9705,9972,1229,1273,1437,1431,958,2032,2547,3089,2580,1804,942,355,41.21333333333334,39.833333333333336,42.39333333333333,7539,2.5593333333333335,780,955,1792,2593,206,525,5475,3.0373333333333337,8718,1179,5625,1914
48283,6886,6176,34,7,5920,4089,2797,412,390,402,499,1021,1105,780,728,692,509,278,70,32.480000000000004,31.339999999999996,38.2,1931,2.768,265,248,413,500,76,204,1354,3.338,2746,815,1403,528
48285,19263,16563,1301,56,3077,9416,9847,1227,1226,1232,1166,815,1834,2071,2786,2817,2030,1369,690,44.52777777777778,42.68888888888889,46.21666666666667,7808,2.4066666666666667,953,1220,1596,2787,166,478,5408,2.9483333333333333,10344,2536,6087,1721
48287,16612,13101,1807,55,3724,8410,8202,1079,1117,1215,1413,842,1776,1940,2557,2051,1441,847,334,40.4076923076923,39.26153846153846,41.42307692307692,6151,2.620769230769231,704,767,1504,2029,192,394,4445,3.0915384615384616,7499,1348,4810,1341
48289,16801,14258,1202,81,2260,8385,8416,1023,992,1051,1060,748,1627,1720,2544,2421,2139,1132,344,45.97692307692308,45.43846153846154,46.46153846153846,6896,2.4092307692307693,895,884,1350,2539,174,395,4881,2.8746153846153844,9509,2613,5603,1293
48291,75643,58363,8202,348,13602,37190,38453,5189,5171,5502,5633,4937,10112,10259,11368,8974,5023,2644,831,37.36078431372549,36.5078431372549,38.30196078431373,25073,2.77921568627451,2610,2854,6624,7221,887,2115,18522,3.2409803921568625,28759,3686,19341,5732
48293,23384,16139,4103,90,4465,12122,11262,1530,1468,1524,1619,1507,2943,2728,3296,2998,2122,1210,439,39.00555555555556,37.00555555555556,41.34444444444445,8499,2.601111111111111,1042,1197,1761,2551,251,787,5900,3.136111111111111,10536,2037,6231,2268
48295,3302,2845,25,10,1007,1662,1640,255,232,269,227,194,410,359,479,393,247,164,73,39.3,38.7,39.8,1263,2.545,182,155,337,388,37,77,887,3.05,1512,249,916,347
48297,11531,10107,502,57,4060,6195,5336,574,626,674,725,577,1374,1400,1773,1591,1250,737,230,43.67,43.54,44.68,4257,2.4579999999999997,581,565,824,1499,144,261,2952,2.944,6065,1808,3383,874
48299,19301,18319,112,77,1542,9329,9972,826,857,886,797,600,1429,1617,2640,3647,3348,1973,681,53.955555555555556,52.916666666666664,54.849999999999994,9008,2.1244444444444444,1234,1600,1061,3776,181,376,5755,2.613888888888889,14280,5272,7067,1941
48301,82,65,0,0,18,46,36,3,2,2,3,10,4,9,14,23,8,4,0,51.7,54.2,46.7,39,2.1,10,2,3,15,2,3,26,2.58,50,11,25,14
48303,278831,215519,20952,5753,88924,137786,141045,20168,19264,17964,23507,34117,40625,30759,34467,27338,16331,10244,4047,33.234313725490196,31.85343137254902,34.580882352941174,105781,2.519803921568627,13267,15817,21244,25169,3074,9909,66127,3.036911764705882,115064,9283,61598,44183
48305,5915,4748,127,8,2743,2947,2968,438,456,467,425,264,640,677,910,705,518,323,92,38.775,38.275,39.45,2246,2.6149999999999998,283,272,543,714,79,164,1639,3.125,2676,430,1645,601
48307,8283,6947,160,29,2476,4057,4226,536,545,603,513,369,803,922,1136,1211,860,570,215,43.6,42.25,44.61,3338,2.4539999999999997,422,527,644,1116,112,241,2272,2.977,4302,964,2445,893
48309,234906,164037,34767,3220,55471,114169,120737,16642,16483,16275,20604,23223,30379,26815,30205,25021,15188,9884,4187,34.96121212121212,33.555757575757575,36.34,86892,2.6666666666666665,10059,12704,18338,22224,2567,8796,57663,3.1827878787878787,95124,8232,52244,34648
48311,707,643,8,3,261,367,340,28,32,42,35,33,65,71,117,97,113,66,8,49.7,50.6,48.5,310,2.28,52,35,48,126,4,12,209,2.75,485,175,254,56
48313,13664,9149,2719,79,2688,7873,5791,820,805,846,908,1190,2356,1811,1558,1469,1075,569,257,38.699999999999996,37.163636363636364,39.981818181818184,4187,2.618181818181818,460,572,983,1236,128,387,3007,3.1336363636363633,5096,909,3140,1047
48315,10546,7752,2325,50,328,5171,5375,548,495,595,599,456,931,1122,1731,1799,1351,695,224,47.87,47.15,48.660000000000004,4595,2.259,707,733,660,1497,109,337,2944,2.819,6218,1623,3637,958
48317,4799,4067,78,12,2086,2411,2388,392,389,408,400,288,538,611,670,512,335,186,70,34.625,33.7,35.625,1649,2.8775,178,172,503,469,52,152,1262,3.3375,1852,203,1201,448
48319,4012,3731,18,7,864,1978,2034,200,222,278,230,125,319,406,578,675,565,307,107,48.48,47.3,49.72,1754,2.2960000000000003,232,281,284,687,47,104,1189,2.822,2733,979,1380,374
48321,36702,26137,4200,719,14074,18363,18339,2577,2613,2729,2747,2192,4215,4075,5607,4698,2974,1656,619,39.388571428571424,38.31142857142857,40.49714285714286,13894,2.6262857142857143,1866,1804,3073,3985,452,1295,9675,3.178,18801,4907,9248,4646
48323,54258,49617,135,177,51914,26451,27807,4762,5046,5218,5143,3701,6463,6907,6139,5152,3226,1957,544,32.12413793103448,29.66551724137931,34.334482758620695,15563,3.345862068965517,1069,1346,5845,3468,442,1988,12912,3.7824137931034483,17462,1899,10830,4733
48325,46006,39369,1012,296,22871,23656,22350,2971,3277,3502,3450,2897,5081,5769,7052,5797,3518,1977,715,39.16153846153846,38.34230769230769,40.16923076923077,15530,2.8015384615384615,1489,1611,3961,5045,515,1326,11802,3.2373076923076924,17991,2461,12244,3286
48327,2242,1847,13,3,790,1133,1109,128,108,128,117,86,192,190,340,351,321,204,77,50.1,49.73333333333333,50.43333333333334,994,2.2066666666666666,149,172,143,373,26,65,643,2.78,1702,708,740,254
48329,136872,105302,9087,1715,51600,67242,69630,11001,10317,10010,10358,9553,19696,16263,19734,14826,7672,5499,1943,34.488659793814435,33.27113402061856,35.689690721649484,50845,2.671237113402062,5932,6653,12944,13941,1575,4603,35872,3.1642268041237114,54351,3506,34992,15853
48331,24757,19347,2473,96,5780,12225,12532,1698,1806,1797,1869,1155,2560,2800,3506,3261,2263,1441,601,40.28,38.88,41.55,9408,2.5945,1121,1372,2003,2878,290,818,6577,3.1225,11305,1897,6748,2660
48333,4936,4440,26,11,818,2445,2491,298,287,370,345,175,418,523,652,710,616,373,169,45.71666666666667,44.65,46.699999999999996,1975,2.433333333333333,239,289,395,739,47,125,1397,2.901666666666667,2846,871,1556,419
48335,9403,6433,1060,28,3481,5746,3657,490,482,513,586,883,1698,1291,1192,1035,650,429,154,39.37142857142857,38.4,36.042857142857144,2809,2.1314285714285712,342,451,587,844,96,208,1920,2.6014285714285714,4064,1255,2044,765
48337,19719,18384,53,62,1930,9665,10054,1234,1283,1259,1183,989,1976,2331,2847,2737,2170,1241,469,42.37619047619047,41.266666666666666,43.46190476190476,7989,2.4476190476190474,977,1176,1647,2763,244,460,5548,2.951904761904762,10131,2142,6246,1743
48339,455746,380593,19401,9546,94698,225911,229835,33224,35620,35852,32561,24927,59055,65708,68698,52697,29169,13699,4536,37.34516129032258,36.57096774193548,38.08494623655914,162530,2.8365053763440864,15186,18271,47911,48816,4655,11858,121472,3.2316129032258067,177647,15117,120007,42523
48341,21904,15886,336,1337,11542,11317,10587,2028,1970,1864,1796,1492,3081,2794,2740,2032,1119,750,238,31.253333333333334,30.3,32.35333333333333,7197,2.992,713,676,2265,1937,306,645,5473,3.452,7881,684,4732,2465
48343,12934,9014,2976,45,1003,6239,6695,836,755,879,880,636,1413,1427,1865,1737,1353,846,307,41.75,39.93571428571429,43.32142857142857,5226,2.4514285714285715,626,813,965,1608,149,505,3613,2.970714285714286,6024,798,3954,1272
48345,1210,1115,24,0,163,613,597,63,76,79,68,46,106,100,163,181,184,114,30,48.85,47.45,50.15,542,2.23,86,89,95,193,12,29,355,2.77,779,237,424,118
48347,64524,44249,11731,797,11356,30800,33724,4434,4213,4040,6633,8725,7962,6616,7551,6728,4131,2488,1003,33.68974358974359,32.57435897435898,34.89230769230769,23861,2.4782051282051283,3067,3791,4675,6060,563,2242,15026,3.060769230769231,27406,3545,13966,9895
48349,47735,33142,6606,253,11345,23657,24078,3480,3513,3717,3597,2875,5464,5898,6617,5711,3856,2126,881,37.90571428571429,36.44857142857143,39.317142857142855,17380,2.7245714285714286,1838,2304,4086,5081,598,1624,12511,3.2165714285714286,20234,2854,12213,5167
48351,14445,11105,2901,62,403,7445,7000,840,890,980,1084,813,1591,1827,2129,1949,1393,748,201,41.82142857142857,41.01428571428572,42.99285714285714,5476,2.5,743,694,1110,1734,167,481,3849,3.0021428571428572,7142,1666,4586,890
48353,15216,12728,715,67,5103,7561,7655,1128,1123,1056,1100,858,1658,1788,2006,1980,1361,825,333,39.088235294117645,37.300000000000004,40.794117647058826,5999,2.482941176470588,814,916,1161,1714,217,582,4021,3.0423529411764707,7152,1153,4104,1895
48355,340223,277402,13637,5731,206293,167038,173185,24076,24637,24668,24892,25061,46200,41512,48532,39732,22009,13668,5236,35.977593360995854,34.702489626556016,37.24273858921162,124587,2.738547717842324,15252,16026,26341,30354,4600,13787,85270,3.2608298755186724,141033,16446,75646,48941
48357,10223,8747,39,28,4982,5237,4986,953,967,841,748,628,1440,1279,1342,969,562,385,109,33.13333333333333,31.93333333333333,34.36666666666667,3617,2.7977777777777777,395,393,1134,994,148,283,2699,3.2344444444444442,4062,445,2667,950
48359,2052,1850,62,17,243,1035,1017,100,159,249,250,58,221,220,288,252,149,81,25,34.8,28.65,38.15,691,2.565,56,93,175,264,11,38,516,2.965,841,150,474,217
48361,81837,70478,6979,804,4766,40708,41129,5367,5562,5785,6017,4816,9769,10451,12522,10075,6427,3823,1223,38.675384615384615,37.323076923076925,40.012307692307694,31031,2.591846153846154,3484,3666,7140,9440,1087,2757,22547,3.041384615384615,35313,4282,23808,7223
48363,28111,24497,621,134,4985,13811,14300,1921,1874,2028,1904,1533,3075,3273,4223,3698,2701,1424,457,39.487500000000004,38.21666666666667,40.729166666666664,10871,2.5675,1266,1498,2293,3481,375,843,7602,3.0904166666666666,15214,4343,7664,3207
48365,23796,18267,3867,73,1970,11808,11988,1539,1725,1590,1695,1351,2927,2697,3386,3181,2093,1183,429,39.061904761904756,37.4,40.72857142857143,9271,2.5342857142857143,1107,1248,2009,2973,299,748,6603,3.0228571428571427,10920,1649,7112,2159
48367,116927,106862,1915,639,12410,59292,57635,7344,8189,8866,8776,6381,13049,16078,19135,14826,8764,4179,1340,38.723636363636366,37.71636363636364,39.849090909090904,42069,2.7047272727272724,3922,4352,11790,14282,1197,2647,32024,3.098727272727273,46628,4559,33351,8718
48369,10269,7969,119,25,6164,5259,5010,912,873,856,883,659,1302,1242,1343,975,668,403,153,32.3,31.599999999999998,33.144444444444446,3413,3.01,313,346,1157,972,125,222,2653,3.4322222222222223,3799,386,2328,1085
48371,15507,12307,572,79,10430,8742,6765,1177,1033,961,1027,1008,2199,2206,2355,1720,1055,596,170,35.50714285714286,35.535714285714285,35.40714285714286,4894,2.7585714285714285,612,506,1262,1413,187,454,3615,3.2492857142857146,5585,691,3569,1325
48373,45413,35082,5211,188,5959,24288,21125,2612,2573,2752,2753,2435,5179,5646,6625,6192,5154,2732,760,43.593548387096774,42.47096774193548,44.65161290322581,16503,2.5032258064516126,2105,2228,3078,5490,491,1293,11405,3.011290322580645,22683,6180,13101,3402
48375,121073,84523,12365,4822,42692,61919,59154,10326,9598,8663,8413,8786,18031,15451,16516,12147,6795,4387,1960,33.11958762886598,32.04123711340206,33.968041237113404,42933,2.678453608247423,5640,6291,9390,9363,1682,5148,28497,3.2380412371134017,47271,4338,24903,18030
48377,7818,6715,47,76,6521,3818,4000,570,584,681,649,371,735,957,935,947,735,484,170,39.949999999999996,38.65,40.81666666666666,2906,2.5866666666666664,368,424,735,738,66,287,1996,3.2216666666666662,3825,919,1948,958
48379,10914,9953,256,55,839,5485,5429,574,578,759,708,467,1001,1266,1639,1699,1415,644,164,44.980000000000004,43.58,46.14,4377,2.48,511,509,811,1686,125,294,3157,2.912,5269,892,3480,897
48381,120725,107305,2867,1684,19775,58737,61988,8219,8412,8492,8949,9104,16684,14757,16907,14122,8300,5192,1587,37.074999999999996,35.83541666666667,38.359375,47975,2.4657291666666667,5375,7105,11436,14542,1209,3354,32830,2.956875,51587,3612,33900,14075
48383,3367,2596,70,6,2051,1748,1619,277,274,296,254,195,450,415,492,365,197,122,30,34.1,33.55,34.775,1156,2.88,149,90,355,343,50,68,885,3.3375,1372,216,860,296
48385,3309,2996,22,2,814,1638,1671,162,147,181,244,103,242,315,480,582,526,255,72,48.1,47.5,49.26666666666667,1374,2.4033333333333333,164,197,222,576,37,84,977,2.7866666666666666,2599,1225,1045,329
48387,12860,9838,2233,23,849,6266,6594,724,713,800,811,605,1272,1484,1852,1887,1512,847,353,44.88,43.13333333333333,46.34,5469,2.322666666666667,753,901,919,1702,129,471,3615,2.8819999999999997,6826,1357,4019,1450
48389,13783,10645,690,119,10233,8281,5502,914,840,820,925,1207,2121,2026,1962,1314,894,564,196,36.627272727272725,35.13636363636363,38.28181818181818,3839,2.76,457,499,949,987,147,407,2767,3.3436363636363637,4640,801,2882,957
48391,7383,5943,483,33,3487,3669,3714,446,490,505,541,365,658,862,1086,990,808,453,179,42.325,41.225,43.25,2841,2.57625,378,352,577,896,88,242,2016,3.08375,3726,885,2080,761
48393,929,871,1,2,74,469,460,73,59,76,44,44,114,103,138,129,96,42,11,41.3,41.3,41.3,359,2.59,28,35,103,152,5,14,281,2.89,439,80,281,78
48395,16622,11247,3586,103,2990,8230,8392,1162,1088,1171,1232,866,1819,1928,2361,2225,1523,871,376,40.621428571428574,39.33571428571429,41.69285714285714,6541,2.5,872,908,1299,1913,209,649,4551,3.0335714285714284,8484,1943,4756,1785
48397,78337,65514,4521,1897,12470,38516,39821,5752,6753,6996,5788,3220,9643,12355,12125,8165,4578,2181,781,37.626666666666665,36.46,38.77333333333333,26448,2.921666666666667,1825,2415,9641,8175,696,1754,21337,3.268333333333333,27939,1491,21886,4562
48399,10501,8735,192,21,3361,5197,5304,700,706,787,690,502,1022,1173,1473,1404,1057,691,296,42.36666666666667,40.71666666666667,43.44166666666666,4165,2.4808333333333334,511,624,845,1366,137,350,2914,2.9966666666666666,5298,1133,3139,1026
48401,53330,38512,9435,214,7609,28075,25255,3434,3416,3360,3544,3437,7112,6872,8027,6641,4071,2425,991,38.880487804878044,37.863414634146345,40.099999999999994,18476,2.596585365853658,2098,2452,4250,5773,589,1520,13333,3.1012195121951223,21191,2715,14260,4216
48403,10834,9658,784,33,344,5301,5533,541,528,638,621,438,822,1008,1579,1758,1734,876,291,48.88,48.839999999999996,48.93,4738,2.302,675,661,680,1845,119,308,3235,2.7969999999999997,7988,3250,4014,724
48405,8865,6375,2016,23,532,4360,4505,476,516,529,543,439,764,908,1327,1319,1117,654,273,46.0875,44.2875,47.7375,3625,2.41,496,544,606,1202,102,272,2477,2.92375,5342,1717,2865,760
48407,26384,21693,2710,123,2880,13205,13179,1602,1707,1868,1814,1290,2560,2955,4085,3931,2889,1352,331,44.586666666666666,43.906666666666666,45.2,10096,2.548,1289,1155,1997,3477,354,745,7195,3.0166666666666666,13187,3091,8490,1606
48409,64804,55660,1071,537,35248,32163,32641,4759,5127,5113,5127,3798,7689,8004,9175,7651,4703,2781,877,36.742222222222225,35.60444444444445,37.82666666666667,22637,2.8393333333333333,2285,2477,5839,6375,906,2268,16939,3.2966666666666664,26521,3884,15560,7077
48411,6131,5166,204,13,1715,3366,2765,354,318,362,396,466,830,613,749,866,609,384,184,40.34,38.019999999999996,45.480000000000004,2257,2.456,293,325,448,779,66,132,1563,2.94,3177,920,1714,543
48413,3461,2780,38,4,1536,1726,1735,344,323,275,242,187,410,395,413,432,260,149,31,33.666666666666664,32.63333333333333,34.699999999999996,1182,2.9466666666666668,130,139,331,374,40,81,878,3.4499999999999997,1489,307,835,347
48415,16921,13325,799,59,6149,9028,7893,1274,1151,1121,1221,1111,2253,2044,2394,1969,1225,864,294,37.15,35.457142857142856,38.91428571428571,5838,2.605,680,808,1371,1784,195,491,4137,3.13,6963,1125,4311,1527
48417,3378,3145,29,9,340,1632,1746,221,218,224,268,146,302,404,538,468,303,204,82,41.725,40.3,42.825,1367,2.4525,171,216,300,449,44,82,937,3.0225,1754,387,1043,324
48419,25448,17467,4432,81,4164,12591,12857,1921,1929,1765,1816,1541,2956,3114,3427,2991,2265,1288,435,37.980000000000004,37.005,38.834999999999994,9648,2.613,1193,1304,2227,2797,274,825,6771,3.1515,11873,2225,7220,2428
48421,3034,2680,14,7,1227,1548,1486,216,263,245,276,127,315,435,444,308,200,141,64,36.7,35.8,37.55,1081,2.77,130,103,347,342,47,46,819,3.245,1252,171,793,288
48423,209714,147086,37629,2597,36088,101425,108289,14954,15133,14769,15954,15543,26946,25495,27411,23658,16014,9975,3862,36.63307692307693,35.16692307692308,37.900769230769235,79055,2.6437692307692306,8269,11706,18123,22866,1957,7124,54803,3.1601538461538463,87309,8254,52569,26486
48425,8490,7220,57,53,1626,4182,4308,496,585,701,684,408,842,1078,1286,1152,704,383,171,40.0,38.78,40.9,3078,2.67,315,356,860,1051,88,187,2311,3.104,3674,596,2356,722
48427,60968,58585,69,133,58337,29440,31528,5513,5697,5939,5700,4424,7814,7954,6537,5105,3628,1965,692,29.77567567567568,28.194594594594594,31.345945945945946,17001,3.532162162162162,976,1342,6633,3724,466,2315,14480,3.896216216216216,19526,2525,13258,3743
48429,9630,8161,201,32,2011,4975,4655,630,632,631,647,601,1137,1053,1312,1239,929,561,258,39.339999999999996,37.6,42.489999999999995,3665,2.477,468,571,769,1171,111,268,2519,3.034,4938,1273,2699,966
48431,1143,1013,14,0,365,576,567,88,76,69,69,64,140,116,184,150,85,75,27,41.7,40.4,42.8,440,2.52,47,59,105,168,13,23,328,2.97,615,175,343,97
48433,1490,1306,39,14,209,717,773,82,109,85,87,55,143,158,216,202,164,134,55,44.5,44.15,45.0,642,2.2800000000000002,90,110,118,222,9,43,426,2.89,928,286,498,144
48435,4128,3662,17,8,2459,2029,2099,309,302,315,321,187,451,517,609,544,311,212,50,38.725,38.900000000000006,38.525,1550,2.645,190,192,430,444,52,108,1118,3.1825,2031,481,1118,432
48437,7854,5901,566,10,3149,4136,3718,614,578,541,518,517,1016,845,1017,866,659,500,183,37.825,36.5625,40.4375,2762,2.59875,321,368,635,896,99,223,1995,3.095,3221,459,1934,828
48439,1809034,1205530,268983,84561,482977,887235,921799,142899,144307,138666,130863,123177,266550,263562,257941,179684,91805,50113,19467,35.08113848768054,34.12039082412914,35.96321155480034,657134,2.7658113848768053,75854,87705,173950,155787,20629,63725,455033,3.270008496176721,714803,57669,408824,248310
48441,131506,104409,9699,2073,29074,64028,67478,9854,8876,8382,10216,13517,18143,14420,17095,13649,8916,6052,2386,34.875,33.5301724137931,36.172413793103445,50725,2.4667241379310343,6282,7596,10723,13887,1398,4611,33446,2.973706896551724,55750,5025,30984,19741
48443,984,828,7,4,467,509,475,65,61,49,63,35,101,123,130,152,111,71,23,44.6,43.7,45.6,430,2.29,89,71,83,126,11,14,253,3.03,700,270,306,124
48445,12651,10283,605,30,6211,6717,5934,1003,884,901,843,1009,1672,1427,1756,1329,990,629,208,35.83846153846154,34.669230769230765,37.776923076923076,4200,2.7399999999999998,438,551,1026,1250,147,390,3074,3.2492307692307696,4828,628,2906,1294
48447,1641,1555,11,7,152,807,834,93,83,108,113,62,153,164,246,216,218,129,56,46.099999999999994,44.6,47.85,721,2.26,100,129,123,268,22,35,475,2.825,1079,358,538,183
48449,32334,21848,3091,237,12799,15976,16358,2942,2684,2664,2575,2181,4132,4199,3945,3281,2071,1180,480,32.71363636363637,31.772727272727273,33.82272727272727,10813,2.9868181818181814,1068,1266,3162,2904,372,1076,8154,3.5104545454545457,12054,1241,7483,3330
48451,110224,90069,4445,1118,39315,53976,56248,7726,7278,6865,8750,10583,14769,12087,14406,12495,7898,5326,2041,36.22680412371134,34.66391752577319,37.72164948453608,42331,2.48659793814433,5287,6628,8463,11504,1269,3804,27728,3.03319587628866,46571,4240,27561,14770
48453,1024266,709814,87308,59333,342766,516637,507629,75774,70686,62789,68209,97694,192573,154525,132397,94860,42816,22536,9407,34.232068965517236,33.77862068965517,34.73172413793104,404467,2.4772931034482757,61755,62807,85991,80894,10168,30227,229929,3.080137931034483,441240,36773,210015,194452
48455,14585,12302,1378,42,1117,7100,7485,817,789,904,856,648,1330,1516,2139,2314,1897,1104,271,46.42142857142857,45.55714285714286,47.25,6142,2.3714285714285714,839,922,958,2066,160,458,4061,2.9071428571428575,8713,2571,4844,1298
48457,21766,17930,2390,51,1487,11731,10035,1139,1147,1267,1311,1316,2895,2625,3029,2908,2368,1355,406,44.36875,43.28125,46.3375,8007,2.40875,976,1192,1541,2878,195,532,5582,2.90125,10579,2572,6622,1385
48459,39309,33466,3416,150,2613,19462,19847,2533,2672,2769,2745,2031,4409,4657,6051,5251,3584,1951,656,40.525925925925925,38.87407407407407,42.088888888888896,14925,2.5903703703703704,1616,1876,3459,4937,427,1140,10868,3.050740740740741,16613,1688,11783,3142
48461,3355,2516,63,0,1644,1675,1680,249,275,239,241,167,460,344,489,398,262,168,63,36.36666666666667,35.9,36.63333333333333,1256,2.64,163,156,311,393,45,103,903,3.1566666666666667,1548,292,983,273
48463,26405,20631,170,134,18299,12909,13496,2035,2139,2176,2219,1642,2908,3097,3287,3006,2035,1297,564,36.516666666666666,35.3,37.611111111111114,9025,2.8355555555555556,952,1003,2286,2515,330,1011,6742,3.2916666666666665,10811,1786,6333,2692
48465,48879,41534,746,238,39199,24519,24360,4079,4063,4060,3806,3639,6399,6285,5665,4831,3391,1963,698,34.04705882352941,32.57647058823529,35.36176470588235,15654,3.0323529411764705,1601,1567,4640,4008,440,1811,11963,3.5088235294117647,18651,2997,10252,5402
48467,52579,47784,1427,171,4847,25863,26716,3146,3433,3731,3660,2518,5402,6276,7736,7230,5450,2968,1029,41.78648648648648,40.3972972972973,43.05945945945946,20047,2.589189189189189,2055,2667,4633,6924,576,1270,14605,3.0472972972972974,22817,2770,15677,4370
48469,86793,69013,5513,899,38113,42349,44444,6528,6423,6384,6129,5453,11079,10223,12450,10460,6231,3930,1503,36.41384615384616,35.112307692307695,37.55846153846154,32187,2.6298461538461537,3605,4265,7043,9241,1111,3318,22680,3.125076923076923,35417,3230,21144,11043
48471,67861,45511,15257,631,11389,40007,27854,3241,2984,3006,5564,10031,9586,9266,10004,7199,4103,2130,747,35.69210526315789,34.86578947368421,34.54210526315789,20969,2.448421052631579,2713,3144,3566,5151,492,1771,12354,2.943157894736842,24058,3089,11720,9249
48473,43205,25254,10739,214,12536,21395,21810,3140,2885,2801,4838,4693,4683,5018,5894,4857,2681,1280,435,34.67894736842105,33.95789473684211,35.59473684210526,14040,2.6478947368421055,1463,1499,3541,3965,424,1243,10116,3.110526315789474,15839,1799,9713,4327
48475,10658,8227,522,32,5074,5151,5507,813,816,790,762,630,1303,1209,1514,1246,809,572,194,37.6,36.95,38.260000000000005,3995,2.636,469,547,940,1142,132,362,2845,3.152,4694,699,3057,938
48477,33718,25008,5947,445,4641,16580,17138,2019,2038,2063,2849,2047,3457,3666,4813,4567,3122,2066,1011,41.516666666666666,39.94583333333333,43.10833333333333,13037,2.4408333333333334,1519,2078,2528,4262,294,997,8878,2.987083333333333,15514,2477,9358,3679
48479,250304,220201,1132,1464,239653,121488,128816,24424,25244,24029,23386,18350,35156,34332,27235,18641,10969,6242,2296,29.043262411347516,27.20425531914894,30.807801418439713,67106,3.635531914893617,4334,4655,25981,12308,2415,10005,56350,4.003617021276596,73496,6390,43286,23820
48481,41280,29793,5817,160,15445,20291,20989,3006,3154,3016,3004,2468,5020,4755,5871,4967,3125,2036,858,37.37714285714286,35.86,38.86857142857143,15132,2.710857142857143,1632,2086,3576,4233,453,1481,10820,3.2334285714285715,17127,1995,10303,4829
48483,5410,4469,113,23,1344,2661,2749,392,369,382,364,248,608,608,745,699,560,336,99,42.3,41.12,43.5,2181,2.416,258,327,488,744,69,133,1525,2.936,2730,549,1670,511
48485,131500,101331,13811,2669,21859,67438,64062,8955,8418,8245,10520,12823,18429,15113,17929,13891,8802,6095,2280,36.14339622641509,34.76132075471698,37.37924528301887,49016,2.440377358490566,6434,7928,9827,12744,1497,4647,31663,2.992358490566038,55566,6550,30219,18797
48487,13535,10585,1086,98,3508,6736,6799,965,962,884,1055,885,1597,1477,1933,1669,1087,692,329,38.166666666666664,36.875,39.25833333333333,5289,2.4616666666666664,733,848,1035,1487,178,503,3498,3.0516666666666663,6318,1029,3345,1944
48489,22134,18995,473,140,19297,12030,10104,1569,1648,1618,1877,1950,3341,2809,2593,2142,1391,929,267,33.27333333333333,30.88,35.306666666666665,5764,3.272666666666667,455,580,1731,1413,213,687,4607,3.7253333333333334,7040,1276,4399,1365
48491,422679,330191,26196,20433,98034,208032,214647,33531,35550,33793,28311,22067,63547,70210,58066,39923,22723,10976,3982,36.09835390946502,35.379835390946496,36.81687242798354,152606,2.781975308641975,14418,17897,47113,41310,4241,11928,111514,3.194897119341564,162773,10167,105784,46822
48493,42918,38231,701,163,16412,21372,21546,2641,3138,3457,3185,1973,4320,5917,7116,5759,3094,1655,663,40.39655172413793,39.841379310344834,40.92413793103448,15009,2.813103448275862,1298,1317,4394,5237,457,963,11865,3.173448275862069,16766,1757,12566,2443
48495,7110,5238,156,17,3824,3550,3560,633,555,554,550,405,887,829,1066,791,462,297,81,34.96666666666667,33.7,36.0,2578,2.713333333333333,266,332,721,699,96,245,1904,3.197777777777778,3027,449,2094,484
48497,59127,52448,627,244,10112,29803,29324,3979,4192,4511,4267,3367,6843,7951,9567,7171,4530,2112,637,38.58,37.620000000000005,39.494285714285716,21015,2.7665714285714285,2061,2009,5992,7098,616,1295,16095,3.1634285714285713,23781,2766,16641,4374
48499,41964,37213,1972,161,3551,20622,21342,2197,2332,2499,2492,2072,3727,4307,5725,6465,6046,3082,1020,45.978571428571435,44.292857142857144,47.642857142857146,17118,2.4107142857142856,1885,2437,3102,6847,394,902,12149,2.88,20861,3743,13748,3370
48501,7879,5868,70,31,4622,3899,3980,731,700,667,608,460,997,930,1092,799,483,311,101,32.56666666666667,32.31666666666666,32.78333333333333,2643,2.966666666666667,234,247,917,827,77,190,2120,3.3633333333333333,2978,335,2016,627
48503,18550,16748,232,65,3045,9148,9402,1204,1274,1253,1159,978,1978,2105,2772,2405,1688,1235,499,40.53529411764706,38.77058823529412,42.11176470588235,7343,2.5176470588235293,775,1081,1582,2477,219,544,5223,2.9970588235294118,8622,1279,5382,1961
48505,14018,13122,19,32,13084,7044,6974,1463,1300,1268,1265,1071,1851,1655,1444,1241,852,454,154,30.477777777777778,28.82222222222222,32.12222222222223,4297,3.1744444444444446,430,346,1528,966,160,511,3423,3.6344444444444446,6203,1906,3377,920
48507,11677,10301,89,4,10961,5760,5917,1049,998,953,1072,899,1395,1326,1322,1255,758,486,164,31.21111111111111,29.744444444444444,33.733333333333334,3573,3.1122222222222224,335,373,931,738,143,569,2764,3.6100000000000003,4283,710,2535,1038
