District #,CARES ESSER I 20,CRRSA ESSER II 21,ARP ESSER III 21,ESSER-SUPP 22,ESSER-SUPP 23
57816,504727,1716028,3855200,0,0
57829,486940,2191417,4923202,0,0
101871,43143,200027,449378,0,0
109901,24677,89211,200420,0,0
95901,148782,547022,1228930,0,0
221901,3970117,18732848,42084907,0,0
57814,319147,1353483,3040713,0,0
14901,87745,365709,821596,270526,270527
101810,308141,1420655,3191620,0,0
57810,180574,650831,1462146,0,0
101849,187211,711387,1598189,0,0
180903,11258,61882,139023,0,0
57806,396824,1437759,3230046,0,0
178901,87504,381293,856607,0,0
15901,307326,1344228,3019920,42434,42434
250906,226171,935803,2102359,0,0
209901,76315,336870,756806,0,0
101902,24380064,105000820,235893107,0,0
184907,235781,977867,2196860,899930,899929
125901,1685876,7662735,17214975,0,0
101903,17137807,75025108,168550167,0,0
101815,54498,257977,579566,0,0
43901,404265,3837264,8620733,1150976,1150975
22901,162989,741509,1665862,0,0
37901,191131,848282,1905737,0,0
126901,476009,2159203,4850831,0,0
20901,2234679,9468386,21271519,83101,83101
249901,57455,232937,523311,0,0
188901,7337273,32375036,72733222,0,0
84804,79315,285526,641459,0,0
140901,63914,230083,516901,0,0
101819,234332,1035522,2326388,0,0
36901,198612,827108,1858167,0,0
93901,63846,275950,619945,0,0
2901,457016,1926397,4327812,0,0
20902,887219,4138615,9297743,0,0
43902,191585,751242,1687729,1071606,1071605
127901,141993,645351,1449835,0,0
71906,194653,823119,1849204,0,0
110901,71831,460283,1034064,0,0
228905,77228,360132,809067,0,0
109912,30846,134015,301077,0,0
4901,816698,3733925,8388575,0,0
205901,535522,2156494,4844743,0,0
5901,74077,349851,785969,0,0
61910,38769,168896,379439,1131300,1131300
101803,51545,245971,552595,154106,154107
220802,91309,382586,859512,0,0
220901,15005203,59962913,134711689,0,0
212901,163129,649698,1459602,0,0
21805,227989,1038212,2332430,0,0
217901,36053,142756,320714,0,0
107901,784112,3724462,8367316,0,0
34901,504622,2684800,6031628,0,0
61907,101963,464607,1043778,533390,533390
227825,554221,2457240,5520394,0,0
227821,34710,118010,265120,77373,77373
227901,17285229,69277786,155638330,0,0
196901,77996,296493,666096,0,0
70901,21861,105290,236542,54462,54463
194902,69908,304014,682993,0,0
34902,49039,229572,515752,0,0
161918,289528,1218689,2737887,0,0
220915,919783,3685435,8279638,0,0
30903,78227,314199,705873,0,0
200901,206441,790233,1775324,0,0
195902,54028,194494,436947,0,0
10902,399794,1869781,4200619,0,0
25901,156536,652739,1466433,0,0
178913,177926,701603,1576210,0,0
36902,233779,890905,2001492,879200,879200
14902,71616,322796,725188,0,0
11901,1519423,6810574,15300523,0,0
158901,1037681,4695707,10549298,0,0
101847,161573,721003,1619794,0,0
123910,6071436,25428686,57127666,0,0
183901,75747,369274,829606,0,0
13901,1038062,4536678,10192026,0,0
39904,19064,80607,181091,0,0
91901,67352,270791,608354,0,0
8901,424372,1708587,3838483,0,0
14903,1171977,4950005,11120599,0,0
125902,107298,489142,1098899,0,0
66901,150936,573542,1288510,0,0
101870,141940,847674,1904371,0,0
152806,51473,190013,426881,0,0
15809,132159,548124,1231407,0,0
230901,184167,697286,1566511,0,0
187901,102194,431581,969582,0,0
114901,907457,4283433,9623089,0,0
193801,108254,439002,986254,0,0
220902,3966673,17368305,39019347,0,0
178902,220386,1155691,2596357,0,0
16902,142783,653153,1467363,0,0
116915,123958,604617,1358322,0,0
25904,42250,152099,341703,0,0
101875,17112,323307,726336,0,0
34909,49027,335303,753285,0,0
175902,144860,594509,1335614,0,0
235901,265776,1030607,2315345,0,0
43917,60047,294745,662170,0,0
72904,17699,82355,185017,12632,12633
109913,40097,165625,372090,0,0
123807,379310,2150386,4831021,0,0
130901,437941,1846973,4149379,813729,813729
116916,108480,482042,1082948,0,0
241901,145606,549728,1235010,0,0
74903,341178,1428858,3210048,0,0
148901,33881,140003,314529,0,0
17901,14027,55834,125436,0,0
117901,395252,1709001,3839414,0,0
161923,52283,238249,535247,0,0
185901,93836,338433,760319,0,0
169901,276381,1151762,2587529,0,0
249902,121772,457105,1026925,22114,22114
180901,367483,1640754,3686091,0,0
136901,121792,536236,1204698,0,0
160901,295801,1179846,2650623,0,0
8903,106697,400800,900431,0,0
213801,46444,191988,431317,0,0
21803,134384,552752,1241803,0,0
20905,2040576,9415415,21152516,0,0
215901,362928,1674321,3761502,0,0
198901,112002,474290,1065532,0,0
239901,809086,3414277,7670458,0,0
181901,216244,898283,2018067,4558,4559
249903,421663,1598933,3592137,0,0
203902,141984,629550,1414336,0,0
184909,47231,176919,397462,417674,417673
41901,47022,195994,440318,0,0
121902,80452,418823,940922,0,0
25908,26251,123978,278527,0,0
15830,693425,3795877,8527756,0,0
24901,807899,3656282,8214143,0,0
223901,493085,2317333,5206083,0,0
107902,580437,2534759,5694549,0,0
31901,19998459,82530144,185410858,0,0
25902,831822,3066992,6890254,0,0
161919,111510,519268,1166579,0,0
21902,4240566,18737098,42094455,0,0
119901,74018,301495,677333,0,0
166907,66035,254241,571174,0,0
186901,53244,242817,545509,0,0
145901,216798,953321,2141716,0,0
212902,260570,1139773,2560595,0,0
121903,220460,1131363,2541701,0,0
243901,456447,1835004,4122490,0,0
176901,67809,327163,734999,0,0
126902,876346,3799610,8536141,499668,499668
27903,494914,2202534,4948177,0,0
71801,215592,1037567,2330982,0,0
239903,54272,242326,544405,0,0
188904,82338,362942,815380,27677,27677
109902,39549,134460,302075,0,0
116901,182994,710932,1597169,0,0
178903,514323,1777472,3993240,0,0
26901,359419,1543828,3468337,0,0
29901,804256,3343928,7512413,0,0
49905,122356,711126,1597604,0,0
198902,135376,554135,1244911,0,0
166901,447441,2346196,5270926,0,0
116910,69718,337094,757309,0,0
106901,97611,415355,933130,0,0
234902,163424,689902,1549922,0,0
71907,1392279,5606373,12595184,0,0
191901,636421,2853592,6410834,388832,388832
201913,127586,473465,1063678,0,0
64903,940485,3974714,8929527,0,0
220919,125737,480431,1079329,1387478,1387478
57903,4103489,17001794,38195949,0,0
183902,435356,2030855,4562485,0,0
220917,956267,3566105,8011553,0,0
1902,91765,423034,950380,0,0
57904,1264255,5418575,12173280,0,0
227817,138785,596838,1340846,0,0
116902,121046,411546,924572,0,0
43903,139166,485898,1091610,481454,481454
210901,644749,2795229,6279715,0,0
133901,228401,823316,1849647,0,0
228904,28762,151828,341095,0,0
145902,116454,738295,1658641,0,0
174908,177129,754908,1695964,0,0
3907,267206,1161308,2608976,0,0
101905,1781921,7940724,17839499,0,0
103901,39562,168732,379071,0,0
220815,116912,532998,1197424,0,0
212909,683676,3031791,6811171,0,0
225906,150073,704323,1582320,0,0
7901,155848,656027,1473819,0,0
206903,68218,259220,582359,0,0
229906,46815,170035,381999,0,0
249904,101606,429105,964020,0,0
38901,239069,994186,2233523,0,0
99902,62226,270146,606906,0,0
73901,151935,630572,1416633,0,0
161920,151191,668026,1500776,163108,163109
174901,113403,489139,1098892,0,0
139905,290001,1224269,2750423,0,0
226901,48261,191724,430724,0,0
67902,181977,815550,1832202,0,0
243906,182862,781108,1754823,0,0
57841,228700,1193452,2681190,0,0
65901,128495,484702,1088923,0,0
194904,278913,1069116,2401859,0,0
6902,37063,160315,360162,0,0
84910,3530336,16259299,36527873,0,0
126903,1202720,5188966,11657445,0,0
146901,1124679,5199247,11680543,0,0
18901,191210,908691,2041450,0,0
71901,3750580,15637100,35130051,0,0
30902,251126,1075235,2415604,0,0
114902,96740,476856,1071297,0,0
204901,316012,1742241,3914090,0,0
42901,251162,1130314,2539344,0,0
21901,1417900,5738206,12891359,0,0
91902,47905,199570,448350,0,0
229901,69544,325499,731261,0,0
168901,197780,882655,1982958,0,0
20907,389120,1654804,3717656,0,0
45902,264491,1157780,2601049,0,0
46902,1659894,6873101,15440995,199462,199462
47901,271714,1144939,2572200,0,0
130902,285201,1157078,2599472,0,0
116903,443268,1763135,3961029,0,0
43918,168933,624939,1403977,643944,643944
112908,201500,759151,1705497,0,0
68802,21728,88737,199354,484882,484881
15838,478702,3202598,7194904,0,0
101842,13979,50324,113058,0,0
233903,34485,163911,368239,0,0
161921,715468,3307751,7431138,0,0
170902,6515711,28811173,64726706,0,0
147901,101562,458038,1029020,0,0
60902,184881,787008,1768080,0,0
57922,245887,850247,1910151,2682480,2682480
50910,1054000,4417749,9924842,0,0
178904,10414637,41568103,93386215,0,0
187904,354693,1336536,3002640,0,0
175903,1293598,5695367,12795116,0,0
95902,36374,146165,328371,0,0
142901,381228,1680546,3775487,0,0
246914,16666,115905,260391,0,0
109903,42018,149580,336043,0,0
129901,232025,1058922,2378957,1174685,1174685
52901,113114,477247,1072176,17902,17902
18908,24946,131068,294456,0,0
161901,43522,199122,447344,0,0
53001,154238,696949,1565753,0,0
113901,547732,2687072,6036732,0,0
101906,782765,3453581,7758759,0,0
54901,190830,856158,1923430,0,0
30901,70522,310035,696520,0,0
107904,93921,484505,1088480,0,0
184801,13692,58614,131682,33742,33741
78901,51160,234667,527200,0,0
220912,2674788,11145858,25040100,0,0
254901,1000925,4128590,9275223,0,0
62901,434616,1851223,4158927,0,0
55901,161719,614517,1380564,0,0
212801,208470,1197802,2690963,0,0
112905,74450,258024,579671,0,0
174902,121424,533506,1198565,0,0
101907,17688847,84261496,189300484,0,0
172902,367231,1727432,3880821,0,0
56901,204412,840240,1887669,0,0
57905,61983103,241732386,543071990,0,0
20910,74017,284511,639177,0,0
20904,40931,193772,435326,76138,76139
148905,23633,108775,244372,0,0
175904,124192,535166,1202296,0,0
58902,24757,142957,321165,0,0
146902,706040,3286867,7384222,0,0
47902,140281,587415,1319678,0,0
249905,258764,1133317,2546092,128676,128677
101908,1532198,7301039,16402395,0,0
19901,204315,897340,2015950,0,0
227910,2999501,10924365,24542499,0,0
115903,32800,118074,265263,0,0
91903,927767,3682024,8271974,0,0
61901,2668777,10112494,22718562,0,0
251901,191883,885809,1990044,0,0
57906,1709531,7109980,15973164,0,0
194905,103494,448602,1007821,0,0
146903,28509,107712,241985,0,0
163901,293335,1193499,2681295,0,0
81906,25661,122545,275307,0,0
176903,94891,461469,1036729,0,0
163902,46363,216798,487054,0,0
3905,441097,1952022,4385381,0,0
84901,1937167,8050972,18087181,0,0
82902,408611,1627525,3656372,0,0
144903,24322,95720,215043,0,0
35901,253588,1031997,2318468,0,0
74904,35104,139609,313643,0,0
108902,8387618,33685275,75676784,0,0
178801,89020,369515,830146,0,0
101856,250430,1203142,2702959,0,0
105904,246592,1079812,2425888,1303802,1303803
178905,94455,424935,954651,0,0
72902,355263,1535842,3450397,0,0
171901,651415,2619537,5885008,0,0
57907,2733643,11091724,24918485,0,0
220918,1448350,5879583,13208973,2351676,2351677
159901,4823885,20617391,46318691,0,0
227909,119266,527291,1184603,1304926,1304927
25909,207623,887503,1993850,0,0
241902,119570,493593,1108898,0,0
15911,1516967,6718690,15094097,0,0
36903,113787,384367,863513,153468,153468
220811,106973,385092,865142,0,0
67903,273127,1221509,2744223,0,0
68901,5623412,24897830,55935054,0,0
74905,48462,196927,442412,0,0
108903,3031505,12135751,27263977,0,0
48901,49818,197024,442630,0,0
15905,5154239,21096884,47395911,0,0
234903,104297,495160,1112419,0,0
108904,13130897,56593857,127142826,0,0
120901,280244,1180895,2652980,0,0
57833,83905,341377,766932,0,0
123805,139784,715754,1608001,0,0
241903,825491,3655533,8212461,0,0
71804,88353,388664,873167,0,0
71902,19977158,84894928,190723543,0,0
71810,82975,397900,893915,0,0
243902,101081,436108,979754,0,0
11902,772275,3157389,7093339,0,0
1903,192219,833717,1873016,0,0
102906,162743,733009,1646765,0,0
70903,1098537,5133205,11532174,0,0
49906,53941,238286,535330,0,0
72802,44218,174830,392771,0,0
101872,32300,492915,1107374,0,0
174910,69412,249877,561370,0,0
30906,92938,397238,892429,0,0
107905,403791,1731111,3889086,0,0
121906,45851,222953,500882,0,0
50901,42977,182378,409728,0,0
220904,1594591,5740381,12896246,0,0
57834,146428,606327,1362165,0,0
101811,230085,874302,1964191,0,0
108809,98082,515035,1157068,0,0
210906,30923,111321,250092,0,0
143906,15676,70466,158308,0,0
71903,1378345,5537337,12440089,0,0
81902,299964,1081366,2429379,0,0
128904,34302,154986,348189,0,0
60914,56696,229699,516038,0,0
43904,134101,620077,1393055,0,0
185902,63254,268910,604128,0,0
75906,16523,88359,198506,0,0
70905,352199,1699635,3818373,0,0
75901,86176,404071,907780,0,0
246902,89212,432209,970993,127916,127917
247901,492100,2335363,5246589,0,0
178914,804753,2896846,6508007,0,0
77901,277815,1062013,2385900,0,0
148902,18674,88900,199722,0,0
169910,23949,113449,254873,0,0
129902,446097,2035312,4572499,3244157,3244157
114904,54287,236301,530871,0,0
79907,9001382,42170127,94738712,0,0
186902,498288,2206601,4957313,0,0
220809,7778,34008,76403,147346,147345
220905,29311626,116461384,261640223,0,0
198903,156967,606053,1361550,0,0
1904,154738,754484,1695010,0,0
86901,465852,1924636,4323856,0,0
66903,216362,873302,1961947,0,0
152907,1014149,4220538,9481791,0,0
84911,145174,1281153,2878217,0,0
185903,175309,812333,1824973,0,0
43905,599164,2717058,6104097,18029070,18029070
175905,88335,332596,747205,0,0
234909,76645,403319,906091,0,0
122901,38745,174032,390977,0,0
115901,179516,662399,1488134,0,0
49901,709888,3738994,8399962,0,0
101910,5704357,26737866,60068849,0,0
84902,1741096,6989223,15701874,0,0
120902,83456,376742,846383,0,0
57909,12417459,49326903,110817007,0,0
184911,23617,96495,216785,0,0
174903,133283,576880,1296009,0,0
183904,61534,386192,867612,0,0
50902,444277,1698486,3815791,0,0
57831,229036,956122,2148007,0,0
166902,40520,202012,453837,0,0
15802,279926,1225015,2752097,0,0
101804,343930,1749722,3930898,0,0
149901,215132,960048,2156827,0,0
246904,917471,3671659,8248688,2469372,2469373
161925,49669,263029,590916,0,0
144901,288538,1242146,2790584,0,0
230902,505968,2210062,4965089,0,0
92901,402027,1880567,4224851,0,0
87901,20961,100495,225770,0,0
213901,187591,777044,1745695,0,0
126911,187610,870422,1955476,294230,294231
169906,25108,128108,287805,0,0
57835,488004,2092139,4700165,0,0
167901,187799,663565,1490754,0,0
88902,231922,1006048,2260171,0,0
89901,640105,2770316,6223745,0,0
187903,108110,389189,874345,0,0
246802,10338,55644,125008,143388,143389
101911,4521680,20648312,46388157,0,0
182901,27457,133451,299808,0,0
67904,55480,209052,469654,0,0
156905,54146,227657,511451,0,0
182902,51131,225666,506977,0,0
252901,396059,1680306,3774947,0,0
111901,1095860,4680925,10516088,0,0
57910,5834590,23661010,53156435,0,0
234904,301226,1124700,2526733,0,0
238904,31093,108905,244664,0,0
126904,133361,567832,1275681,0,0
246905,52719,198049,444934,0,0
226907,278817,1309484,2941866,0,0
113902,145143,751580,1688487,0,0
220906,1188846,4067788,9138625,0,0
15835,198148,1132292,2543788,1233376,1233376
116905,1298331,5405593,12144117,0,0
165902,176448,1258051,2826316,0,0
205902,545376,2271420,5102934,0,0
147902,361723,1670318,3752509,0,0
33901,17777,93227,209443,0,0
228901,237717,971789,2183206,0,0
98901,31259,114572,257396,0,0
91917,48147,193478,434665,129621,129621
47903,49483,208053,467409,0,0
95903,129280,627685,1410148,0,0
143901,149402,681515,1531080,0,0
161924,26484,103997,233637,0,0
102904,657599,4093610,9196636,6053676,6053675
97902,142983,702632,1578522,0,0
127903,141876,591970,1329909,0,0
123914,150401,632019,1419884,0,0
219901,38091,153967,345899,0,0
146904,248412,1317834,2960625,0,0
100905,187095,740948,1664601,0,0
15904,3993370,17240598,38732442,0,0
102905,83983,440262,989084,0,0
31903,6992788,29255551,65725039,0,0
230905,130484,668166,1501091,0,0
101858,1114329,5611699,12607150,0,0
101862,698377,3354687,7536584,0,0
71806,976851,4547908,10217256,0,0
15828,1388847,6557773,14732584,0,0
161807,2131984,8704132,19554559,0,0
101846,1277568,5872676,13193457,0,0
227816,884315,3852584,8655151,0,0
86902,58821,235255,528521,0,0
35902,102856,399758,898089,0,0
103902,19408,85465,192005,0,0
225907,126861,556394,1249986,0,0
104901,169170,711600,1598670,0,0
250902,206312,858751,1929255,0,0
127904,119129,480522,1079532,0,0
105906,1838927,7749327,17409510,0,0
198905,381114,1448198,3253497,0,0
65902,35939,158080,355140,0,0
202903,294717,1125906,2529443,0,0
237902,494401,2111906,4744574,0,0
201902,631134,2513515,5646821,0,0
39902,115276,461900,1037698,0,0
15833,28,118,266516,0,0
59901,953585,3938734,8848695,0,0
15815,127072,601726,1351829,0,0
208901,42467,151220,339729,0,0
97903,127239,480395,1079247,0,0
108905,1471209,5884859,13220826,0,0
84903,24204,82953,186360,0,0
220819,75976,513818,1154336,225776,225777
177905,32320,138891,312029,0,0
188903,170438,884015,1986013,0,0
109904,517148,1862330,4183879,0,0
84908,412839,1674087,3760977,0,0
14905,101579,411609,924715,0,0
5902,48727,235102,528176,89766,89767
163904,394472,1433826,3221211,0,0
74907,128169,621437,1396110,0,0
19902,181891,863135,1939104,0,0
108802,377263,1591435,3575292,0,0
101878,12866,66476,149345,0,0
101828,901198,4226723,9495686,0,0
101821,71418,291694,655316,0,0
101912,81977178,358195503,804716108,0,0
91905,184460,750731,1686580,0,0
109905,66196,277039,622392,0,0
19913,24910,128753,289254,0,0
72908,21638,103021,231445,0,0
3902,454383,1932285,4341039,0,0
101925,334055,1453718,3265898,0,0
34903,295518,1259424,2829401,0,0
146905,55927,243903,547948,0,0
101913,3262418,15564399,34966721,953330,953329
133902,48478,187093,420320,0,0
3904,393227,1459181,3278171,0,0
236902,1295947,6256993,14056858,0,0
220916,3361810,13660185,30688746,0,0
246906,288032,1258221,2826699,2841026,2841025
152910,71346,280735,630694,0,0
108807,13052539,69926425,157095552,0,0
120905,97282,441779,992492,0,0
205903,317932,1471413,3305653,0,0
133904,285292,1115150,2505279,0,0
15808,353631,1693260,3804050,0,0
57830,530252,2181574,4901088,0,0
57848,3614359,17494775,39303,0,0
93903,70203,323341,726412,0,0
243903,161507,684302,1537340,0,0
186903,56069,240709,540772,0,0
18906,32504,138125,310310,0,0
118902,23541,104304,234328,0,0
57912,8238962,32480586,72970350,0,0
70907,68688,309146,694523,0,0
109907,184209,763405,1715053,0,0
119902,152331,684124,1536943,0,0
37904,1339987,5482866,12317716,0,0
246907,97700,421286,946454,1157711,1157711
121904,713094,3374648,7581429,0,0
132902,17248,74252,166813,0,0
57819,67313,228857,514146,0,0
155901,464419,1964703,4413868,0,0
124901,414888,1866072,4192287,0,0
221911,70538,352270,791404,52431,52431
210902,136943,756268,1699019,0,0
16901,74547,303850,682625,0,0
50909,39956,204786,460068,0,0
126905,547656,2418029,5432304,0,0
7902,200204,886568,1991748,0,0
15822,1418779,8277042,18595066,0,0
15916,4195940,19411683,43609967,0,0
134901,211456,889077,1997386,0,0
102901,159985,575931,1293877,0,0
128901,195863,931833,2093441,0,0
105801,18533,78064,175378,0,0
101914,5308150,29914338,67205058,0,0
129903,650537,2808220,6308901,0,0
126906,266114,1029732,2313379,0,0
220907,1884815,7909629,17769642,1892310,1892309
242905,14816,59272,133161,0,0
129904,310401,1371801,3081865,0,0
128902,255100,1003445,2254324,0,0
113906,91821,557754,1253041,0,0
220914,278921,1299631,2919729,0,0
175907,171208,1237327,2779760,0,0
248901,225347,1011538,2272505,0,0
133903,1044148,4442939,9981434,0,0
105803,71586,300298,674646,0,0
92902,731503,3007031,6755547,0,0
14906,8539484,38444505,86368791,0,0
137901,1128038,4933088,11082593,0,0
227820,8986418,42059588,94490377,0,0
121905,374508,1783173,4006047,0,0
101915,6907550,32362569,72705215,0,0
58905,39275,173992,390887,0,0
232901,94882,501616,1126922,0,0
138902,66697,248938,559261,0,0
18907,47273,217082,487692,0,0
100903,251165,1115157,2505294,0,0
219905,67775,243983,548128,0,0
61905,116876,472245,1060938,508197,508197
57839,367955,1456230,3271543,0,0
71807,105779,431708,969867,0,0
31905,1398641,5314702,11939921,0,0
125906,36757,179912,404188,0,0
75902,249654,1241641,2789451,0,0
108912,15535347,65603080,147382795,0,0
101916,791195,3678616,8264317,0,0
254902,223920,960325,2157450,0,0
161906,830835,3419897,7683084,0,0
247903,175463,868331,1950777,0,0
108914,306127,1181694,2654774,0,0
15913,65965,284006,638043,0,0
227912,131175,534906,1201710,0,0
61912,257381,1094050,2457874,227813,227813
227913,332839,1347549,3027382,1862378,1862377
220910,679553,2820446,6336368,0,0
79901,3545267,14541884,32669557,0,0
58906,571497,2346781,5272239,0,0
141901,586683,2444325,5491381,0,0
57913,1496464,6373817,14319313,0,0
201903,46414,167082,375363,0,0
107910,89248,459411,1032105,0,0
240901,13731231,54786920,123083392,0,0
245901,184957,702816,1578935,0,0
113905,85542,481377,1081454,0,0
185904,28305,124890,280576,0,0
193902,59317,284430,638997,0,0
246913,762172,7040159,15816305,5472469,5472469
19914,26684,118772,266832,0,0
90902,34037,170049,382029,0,0
57846,408666,1890050,4246155,0,0
101874,44374,203335,456810,0,0
187906,69179,296185,665405,0,0
145911,145054,546664,1228126,0,0
74909,109338,489527,1099763,0,0
110902,607306,3049861,6851767,0,0
201904,43440,190391,427729,0,0
61902,3942498,16708692,37537473,0,0
144902,75939,317106,712404,52380,52380
246908,127509,528019,1186239,1876696,1876696
146906,467041,2257556,5071789,0,0
19908,643661,2672243,6003418,0,0
57807,1171628,5014483,11265455,0,0
15825,82485,387318,870141,0,0
212903,513841,2471397,5552200,0,0
34905,200325,842295,1892285,0,0
49907,21975,129939,291919,0,0
72909,77270,278272,625162,0,0
111902,46542,209955,471681,0,0
181908,453892,2004181,4502559,0,0
61914,478151,1960736,4404958,1556158,1556158
140904,388218,1691957,3801123,0,0
187907,1091301,4315202,9694462,0,0
150901,448367,1825745,4101689,0,0
28902,831245,3411908,7665136,0,0
77902,139506,627508,1409750,0,0
160905,29115,104812,235469,0,0
141902,132982,478724,1075494,0,0
178906,52650,199500,448192,178952,178953
116906,136482,565132,1269616,0,0
92903,2155743,8753791,19666123,0,0
83902,30817,138754,311721,0,0
168902,72174,295801,664542,0,0
161907,104121,452808,1017272,0,0
54902,120056,533950,1199564,0,0
31906,3224151,12636360,28388639,0,0
241906,69793,366574,823540,0,0
43919,84527,0,0,1133162,1107067
113903,87655,402908,905168,0,0
152901,8160440,33489578,75237134,0,0
152906,353468,1535397,3449398,916156,916156
127905,25987,113824,255714,0,0
3903,2032759,8297728,18641540,0,0
28903,328913,1529396,3435916,0,0
100907,271275,1239596,2784857,50507,50507
57805,51366,206974,464985,0,0
245902,676089,2954007,6636424,0,0
7904,304281,1308191,2938961,0,0
129905,713029,3380746,7595129,0,0
154901,549139,2323919,5220879,0,0
170906,1905909,8912894,20023560,0,0
107906,429729,1646581,3699182,0,0
109908,27772,119808,269159,0,0
19910,21330,98253,220733,0,0
57844,130599,535490,1203024,0,0
227907,1258016,5224324,11736881,0,0
220908,3079081,13144342,29529861,0,0
27904,728240,2762467,6206112,0,0
189901,117669,475767,1068850,0,0
94904,133914,545999,1226633,0,0
73903,427848,1703785,3827696,0,0
102902,1614179,6697372,15046205,0,0
161908,154083,683179,1534818,0,0
234905,131703,593166,1332596,0,0
174909,105308,478493,1074976,0,0
157901,118898,551823,1239717,0,0
158904,26192,125792,282603,0,0
205904,773396,3326272,7472748,0,0
19903,92870,330775,743114,0,0
25905,51604,254619,572022,0,0
70915,58187,258057,579746,274136,274135
108906,9070069,40190746,90291867,0,0
231901,96089,446243,1002521,0,0
11905,106000,548395,1232015,0,0
161909,220831,995249,2235910,0,0
43907,1579812,7355216,16524108,0,0
90903,27666,156576,351762,0,0
34906,57460,383211,860916,0,0
223902,113848,508953,1143406,0,0
130801,159715,703681,1580879,0,0
10901,155932,658550,1479487,0,0
163908,544381,2410106,5414505,0,0
43908,30165,127209,285786,1504256,1504257
96904,190554,774502,1739983,0,0
164901,129114,539186,1211326,0,0
108907,2981794,12196717,27400943,0,0
18902,136338,490800,1102623,0,0
246801,15199,70994,159494,491877,491877
221904,198338,920523,2068031,0,0
57914,9022372,36653310,82344721,0,0
147903,530990,2511778,5642918,0,0
101855,95291,428667,963036,0,0
62906,33124,122388,274954,0,0
197902,12411,64371,144616,0,0
165802,71432,245353,551206,0,0
165901,3466795,15438690,34684306,0,0
70908,335115,1514587,3402647,2399314,2399313
39905,17388,84951,190849,0,0
161903,469549,2103236,4725094,0,0
166903,108099,469352,1054437,0,0
175910,83538,346082,777502,0,0
200902,42268,193552,434831,0,0
70909,31391,147157,330601,0,0
112907,38067,175806,394963,0,0
184904,88885,403784,907134,0,0
250903,377391,1616973,3632666,0,0
182903,875973,3460404,7774087,0,0
108908,6934201,30654958,68868923,0,0
238902,310523,1320674,2967006,0,0
169908,22013,120657,271065,0,0
108915,459538,1746204,3922993,0,0
227826,51313,248808,558968,0,0
170903,451100,1996990,4486405,516124,516124
161910,151424,600276,1348571,0,0
209902,27071,176194,395833,0,0
18903,43180,170924,383995,0,0
72910,12265,54929,123402,0,0
40901,158969,618320,1389107,0,0
173901,36981,157485,353804,0,0
143902,51564,259871,583823,0,0
109910,54857,271767,610546,0,0
201907,50833,224871,505190,0,0
225902,1145982,5726799,12865732,0,0
80901,309944,1258602,2827554,0,0
49902,29274,133173,299185,0,0
9901,344919,1435140,3224161,0,0
167902,145734,660541,1483961,0,0
198906,174116,626803,1408166,0,0
138903,148979,604506,1358074,0,0
107908,41015,199864,449011,0,0
174904,2591592,11002062,24717051,0,0
163903,229523,826263,1856268,0,0
94903,109772,467968,1051330,60672,60673
93904,669499,2887477,6486959,0,0
35903,22702,91109,204684,0,0
1906,60869,254966,572803,0,0
123905,481009,2104141,4727129,0,0
79906,229323,1038911,2333999,0,0
19905,294523,1094444,2458760,0,0
46901,1051777,4084478,9176120,0,0
170908,2060420,8649875,19432666,0,0
152902,162329,765767,1720360,0,0
230906,187829,663388,1490356,0,0
15805,257565,1035128,2325502,0,0
153905,30639,120129,269879,0,0
37908,126224,464446,1043418,0,0
236901,168413,852188,1914512,0,0
252902,78473,341715,767691,0,0
220817,376655,1653274,3714218,0,0
176902,352172,1294131,2907373,0,0
89903,265088,1129468,2537445,0,0
169902,170340,707801,1590135,0,0
62902,32400,123253,276898,0,0
145906,97563,371490,834582,0,0
15910,11346109,52141422,117140057,0,0
112906,96154,411312,924047,0,0
139911,411046,1679016,3772049,0,0
61802,78240,336719,756468,0,0
154903,40610,214572,482055,0,0
15915,17631344,77010787,173011162,0,0
244905,24613,99974,224599,0,0
61911,779579,3297546,7408213,6056755,6056755
57809,57833,219762,493713,0,0
57827,241278,918267,2062964,0,0
69902,106536,471323,1058866,0,0
235904,24402,103442,232391,0,0
227804,86769,373090,838178,0,0
145907,66913,276628,621468,0,0
205905,280180,1326552,2980210,0,0
153903,103572,386950,869316,0,0
84802,243602,981660,2205380,0,0
50904,70611,291431,654723,0,0
200906,33355,139555,313523,0,0
252903,129413,545809,1226205,0,0
140905,166691,696568,1564897,0,0
187910,373482,1478009,3320471,0,0
125903,397529,2017971,4533539,0,0
181905,252653,881893,1981247,0,0
230903,172816,983477,2209464,0,0
14804,204528,803455,1805028,0,0
201908,98746,437679,983282,0,0
51901,84838,376014,844746,0,0
104907,36134,144664,325001,0,0
48903,61583,322702,724978,0,0
158905,293224,1333826,2996552,0,0
1907,886079,3553538,7983320,0,0
70910,121434,540840,1215042,0,0
182906,38564,138830,311894,0,0
90904,618644,2652967,5960112,0,0
33902,56612,234103,525931,0,0
42905,86650,383047,860548,0,0
249906,140829,594776,1336215,0,0
139909,1274891,4748881,10668759,0,0
101917,14804180,65564411,147295921,0,0
63906,25763,128001,287565,0,0
13902,18579,75799,170288,66933,66933
20908,1182724,5709795,12827530,0,0
82903,673344,2987939,6712654,0,0
184908,90178,345918,777134,231870,231869
195901,643664,2578765,5793411,0,0
57802,268287,978619,2198549,0,0
109914,27091,100435,225635,0,0
119903,35203,163403,367098,0,0
179901,265309,1152407,2588978,0,0
95904,77297,278262,625139,0,0
39903,70013,299600,673077,0,0
13903,183605,717525,1611979,0,0
172905,217588,858527,1928753,0,0
227904,3038491,13227475,29716626,0,0
108909,12524964,53681530,120600040,0,0
61903,133728,622700,1398948,0,0
92904,992349,4096119,9202274,0,0
3801,180162,745789,1675478,0,0
57850,63659,569429,1279269,0,0
32902,719894,3113758,6995317,0,0
251902,71933,344792,774604,0,0
95905,1396322,5753155,12924944,0,0
43910,4155930,19250168,43247110,0,0
19912,163158,699094,1570572,0,0
7905,949297,3554587,7985678,0,0
117904,79207,377213,847441,0,0
31909,1128508,4821890,10832779,0,0
61906,82099,691445,1553390,0,0
184901,80801,334992,752587,0,0
15801,77115,322311,724099,0,0
178908,70506,243442,546912,0,0
123907,3040408,12309999,27655441,0,0
123908,582928,2338023,5252564,0,0
15814,64385,266320,598310,0,0
85902,183582,738445,1658978,0,0
7906,433703,1610010,3617022,0,0
247904,36313,188343,423128,28238,28237
91913,147465,624281,1402498,0,0
28906,33252,171846,386067,0,0
169909,29848,131266,294899,0,0
139912,148477,572840,1286933,0,0
72801,1061253,4224317,9490281,0,0
125905,310553,1342063,3015056,0,0
189902,456762,1982709,4454322,0,0
167904,24951,105768,237616,0,0
43911,471462,1697671,3813959,588822,588823
98903,13303,49803,111887,0,0
14803,143790,540619,1214547,0,0
108910,899837,3681660,8271156,0,0
15839,58814,272041,611162,0,0
227824,255610,1095493,2461117,0,0
101853,446025,1892810,4252355,0,0
43912,57486,220533,495447,7104748,7104747
99903,124051,498371,1119633,0,0
34907,189737,1100358,2472047,0,0
116908,587040,2377291,5340783,0,0
250904,200621,889040,1997303,0,0
190903,350079,1478985,3322663,0,0
54903,169873,618427,1389347,0,0
66005,19230,70894,159269,0,0
234801,15252,60977,136989,0,0
15906,26655,89505,201081,304204,304204
67907,125430,505886,1136515,0,0
231902,20307,86134,193507,36760,36759
161802,209703,918357,2063167,0,0
101806,751462,3143894,7063019,0,0
236801,43044,163563,367458,0,0
245903,1023348,4436200,9966293,0,0
192901,103593,439009,986269,0,0
19911,47663,197632,443996,0,0
70911,395881,1849723,4155557,435838,435838
19906,126673,518376,1164575,0,0
196903,130563,567220,1274307,0,0
101876,25442,107839,242270,0,0
137902,185022,729363,1638575,0,0
45903,335742,1336319,3002152,0,0
175911,178953,746291,1676604,0,0
14801,401466,1671444,3755039,0,0
93905,43227,202260,454393,0,0
57916,8096794,30980223,69599659,0,0
206902,38342,138028,310092,0,0
161912,71875,305448,686213,0,0
214901,4535937,18649150,41896873,0,0
31911,799623,2878569,6466946,0,0
126907,224452,907234,2038177,0,0
152802,80105,320273,719520,0,0
67908,68021,244872,550125,0,0
188902,222051,996709,2239190,0,0
194903,124090,597533,1342408,0,0
137903,84494,376806,846526,0,0
41902,40802,177597,398986,0,0
161922,222697,978552,2198399,0,0
178909,1459671,5568488,12510074,0,0
76903,48803,208361,468100,0,0
160904,44904,210202,472236,0,0
166904,377097,1526055,3428410,0,0
69901,143899,546804,1228442,0,0
199901,751975,3295625,7403897,1563820,1563821
14907,84135,340472,764898,0,0
214903,3515575,14996667,33691265,0,0
152908,337196,1451329,3260531,0,0
110905,54634,277731,623946,0,0
177901,100354,415375,933175,377141,377141
73905,182973,753408,1692593,0,0
76904,56358,223594,502323,0,0
246909,2903595,12964740,29126371,73278,73279
75908,16883,88937,199805,0,0
237905,606929,2474932,5560142,0,0
199902,281380,1261429,2833905,2025528,2025528
104903,51888,255962,575040,0,0
128903,87925,316527,711105,0,0
37907,373068,1541395,3462873,0,0
91914,114176,491264,1103666,0,0
232902,120108,568182,1276469,0,0
92906,187405,644315,1447508,0,0
123913,99352,441875,992710,0,0
169911,40755,174078,391082,0,0
14908,100806,489256,1099154,248772,248772
112909,56650,213874,480486,0,0
74917,81778,333378,748962,0,0
226903,2934804,14471582,32511617,0,0
15907,21453393,92589570,208010199,0,0
15840,56051,254385,571497,0,0
203901,284840,1089943,2448648,0,0
31912,4781052,20132980,45230421,0,0
66902,531914,2442715,5487763,0,0
71904,1716283,6962081,15640897,0,0
233901,2705729,11565560,25982996,0,0
214902,101190,421540,947025,0,0
105902,1694932,7334343,16477213,0,0
245904,122637,466007,1046923,0,0
206901,187749,802706,1803346,0,0
58909,38597,180751,406073,0,0
117903,63393,327163,734999,0,0
61908,236126,858343,1928340,84971,84971
42903,107647,539754,1212603,0,0
84909,411181,1524120,3424063,318366,318365
137904,128736,627071,1408766,0,0
31913,308853,1174433,2638462,0,0
31914,562168,2136188,4799125,0,0
182904,74625,435627,978673,0,0
74911,27032,140334,315272,0,0
94902,806633,3369185,7569156,2053141,2053141
207901,116981,484658,1088825,0,0
15806,411747,1564601,3515006,0,0
15827,307193,1806907,4059366,0,0
15831,463968,2615804,5876623,0,0
75903,131294,626509,1407505,0,0
129910,176881,816352,1834004,0,0
83901,249338,1008501,2265681,0,0
8902,418550,1683216,3781485,0,0
94901,1457375,5923906,13308549,0,0
83903,593512,3021162,6787293,0,0
101802,482838,2139326,4806174,0,0
12901,134020,608676,1367442,0,0
152909,164926,606411,1362353,0,0
242902,77075,344822,774672,0,0
108911,2037459,9292038,20875340,0,0
210903,170274,817542,1836676,0,0
101924,1546647,6780224,15232340,0,0
204904,569225,2104402,4727714,0,0
91906,1441000,5943470,13352501,0,0
143903,59123,269675,605847,0,0
47905,25571,113957,256014,0,0
115902,30330,109236,245408,0,0
100904,531693,2449434,5502859,0,0
23902,31972,136675,307052,0,0
19909,180025,676486,1519782,0,0
205906,418023,2299902,5166921,0,0
49909,9614,61915,139098,0,0
13905,134580,635698,1428149,0,0
152903,354221,1753776,3940003,0,0
249908,29218,127617,286702,15988,15987
1909,62388,286208,642990,0,0
11904,260635,1083070,2433207,0,0
110906,88050,316972,712104,0,0
26903,76908,329900,741147,0,0
208902,487679,2207667,4959707,0,0
71909,10153294,44186634,99268963,0,0
15909,1000230,4467853,10037404,0,0
26902,154151,648405,1456696,0,0
218901,125674,560063,1258228,0,0
15908,2762719,12788784,28731070,0,0
31916,1008645,4687337,10530494,0,0
85903,37671,152847,343384,0,0
15917,1402783,6490608,14581693,0,0
15912,3377263,14664502,32945029,0,0
15807,277430,1290585,2899408,0,0
101838,697507,3277615,7363436,0,0
98904,121912,542938,1219756,0,0
170907,556359,2106690,4732856,0,0
101920,8616398,38295507,86034054,0,0
92907,270615,1083822,2434896,0,0
101919,9725329,45216770,101583250,0,0
140907,56323,204060,458439,0,0
184902,394901,1679664,3773506,0,0
63903,58921,235476,529017,0,0
229905,66075,318830,716278,0,0
57836,109621,445000,999729,0,0
13801,168949,608202,1366376,0,0
79910,443828,1920343,4314210,0,0
127906,180926,661754,1486686,0,0
156902,118944,572707,1286633,0,0
101859,198256,957111,2150229,0,0
72903,529619,2404319,5401504,0,0
216901,41408,179511,403288,0,0
247906,196115,823623,1850338,0,0
211902,74746,281994,633524,0,0
182905,32774,143856,323184,0,0
140908,95616,387425,870382,0,0
112910,30544,138991,312254,0,0
112901,918927,3555269,7987209,0,0
110907,51415,289102,649491,0,0
57919,75868,152025,341538,507222,507221
171902,54979,225545,506707,0,0
20906,365615,1695342,3808727,0,0
177902,573235,2284474,5132263,0,0
205907,320525,1285350,2887645,0,0
153904,136888,636089,1429027,0,0
146907,378716,1796872,4036824,0,0
201910,211244,994290,2233755,0,0
246911,493249,2068896,4647948,0,0
81904,229911,1078786,2423584,0,0
123803,151,58828,132163,0,0
14909,2941009,11423412,25663648,0,0
210904,155479,634241,1424876,0,0
22004,84368,312929,703021,0,0
222901,32266,116694,262162,0,0
129906,1031616,4225774,9493554,0,0
57804,1355935,5657419,12709863,0,0
19907,2149686,9188881,20643587,0,0
84906,2445335,9982966,22427567,0,0
221801,1813627,7358955,16532508,0,0
227805,89212,409812,920676,0,0
226801,484531,2337565,5251536,0,0
105802,64644,232716,522816,0,0
227905,16040,4685,10524,121978,121977
227906,68506,287865,646713,205476,205475
170801,208156,952149,2139081,0,0
56902,29492,153365,344548,0,0
15841,82772,635528,1427766,0,0
101864,103132,424875,954516,0,0
101868,188416,933828,2097922,0,0
101861,241362,1075452,2416092,0,0
101814,619392,2849165,6400887,0,0
166905,67681,295574,664031,0,0
246912,41467,205761,462260,28228,28228
149902,96442,457075,1026858,0,0
72901,24723,135539,304500,0,0
224901,36068,151581,340539,0,0
158902,191807,874786,1965280,0,0
210905,229012,997237,2240376,0,0
91907,30092,173808,390474,28544,28545
111903,95362,365164,820372,0,0
91918,72275,319729,718297,0,0
101921,858008,3474883,7806614,1528838,1528839
71908,442631,1802125,4048624,0,0
221905,25047,145500,326877,0,0
74912,73375,285520,641444,0,0
107907,45248,223815,502818,0,0
57813,1010344,4705781,10571930,0,0
46802,312413,1278623,2872534,0,0
228903,346617,1474731,3313107,0,0
71803,69843,284033,638103,0,0
240801,154637,587606,1320105,0,0
152803,85848,309046,694298,0,0
108804,139423,701058,1574986,0,0
212904,193122,813753,1828163,0,0
14910,153159,628845,1412753,0,0
219903,304271,1299166,2918685,0,0
178912,596522,2521838,5665520,0,0
96905,81935,313861,705115,0,0
101840,120605,501987,1127755,0,0
212905,4446624,19978515,44883403,0,0
57845,57700,443686,996779,0,0
230908,108136,403473,906436,0,0
230904,67806,303393,681597,0,0
240903,14113956,56787934,127578835,0,0
57808,193102,702144,1577426,0,0
101807,25282,0,0,0,0
227819,53491,225008,505498,0,0
227806,469209,1823921,40975,0,0
57803,5248754,23781674,53427516,0,0
212804,42219,267677,601358,0,0
232904,50957,206286,463438,0,0
68803,40132,61307,137732,341496,341495
232903,1888586,7199589,16174478,0,0
122902,2084,32595,73227,0,0
18904,84899,423909,952347,0,0
49903,75783,400823,900483,0,0
108916,1678787,6998980,15723793,0,0
227829,69526,286084,642712,133742,133741
91908,101161,441638,992177,68030,68031
234906,414129,1682474,3779819,0,0
158906,149189,599758,1347407,0,0
108808,1209826,5847181,13136181,0,0
180902,24621,100645,226108,0,0
126908,271685,1176862,2643919,0,0
226908,42326,233137,523762,0,0
244903,368057,1495398,3359536,0,0
235902,2910099,12645599,28409395,0,0
181907,757886,3287763,7386234,0,0
57847,71121,407319,915076,129710,129710
71809,58556,268385,602950,0,0
161801,88344,364209,818225,0,0
161914,5141998,22232714,49947648,0,0
89905,72596,305999,687452,0,0
59902,21004,92041,206778,0,0
226906,66764,328426,737837,0,0
237904,983086,4399198,9883165,0,0
49908,11493,57789,129828,0,0
18905,84935,379940,853567,0,0
229904,172138,918097,2062581,0,0
102903,129823,803438,1804990,0,0
226905,40470,304388,683834,0,0
70801,1024672,4326764,9720436,0,0
70912,876062,3940378,8852388,0,0
227803,390275,1828589,4108077,0,0
184903,955393,3957442,8890725,0,0
240904,157242,685481,1539990,0,0
45905,93078,406704,913695,0,0
44902,155050,591054,1327852,0,0
223904,89823,374059,840355,0,0
37909,95083,417744,938497,0,0
108913,6881089,28143334,63226351,0,0
100908,31600,156616,351852,97484,97484
161916,171470,742037,1667048,0,0
181906,921655,3871028,8696588,0,0
178915,589799,2434582,5469492,0,0
201914,211679,909790,2043920,0,0
202905,116560,583386,1310624,0,0
168903,27424,179511,403288,0,0
62905,26986,116931,262695,0,0
73904,13878,40634,91288,0,0
1908,312661,1125552,2528647,0,0
241904,475092,1907579,4285535,0,0
242903,67839,293108,658491,0,0
33904,29602,121816,273670,0,0
92908,237478,1007291,2262964,0,0
220920,885845,3613529,8118095,0,0
40902,82217,346530,778508,0,0
212906,671301,2773594,6231109,0,0
91909,261903,1067780,2398857,0,0
91910,117190,457994,1028922,0,0
110908,37730,196198,440776,0,0
109911,262261,1124723,2526785,0,0
243905,3213381,13902587,31233324,0,0
180904,14159,71565,160778,0,0
170904,1085128,4432170,9957240,0,0
234907,454184,2067460,4644720,0,0
153907,54739,250171,562031,0,0
105905,187578,758249,1703470,0,0
5904,23567,129535,291011,0,0
57828,149809,618634,1389812,178624,178624
248902,50114,209517,470697,0,0
250907,253375,1107221,2487465,0,0
212910,239695,1781369,4001993,0,0
200904,158525,628297,1411521,0,0
174906,185676,811270,1822586,0,0
116909,91709,402885,905115,0,0
196902,70534,353423,793994,0,0
224902,27538,135646,304740,0,0
229903,373956,1573599,3535222,0,0
81905,68470,318258,714994,0,0
43914,675004,3008909,6759766,1617759,1617759
221912,218589,924780,2077594,241584,241583
250905,76512,442734,994639,0,0
101873,113923,536770,1205899,0,0
101845,4518345,22118416,49690868,0,0
62903,385151,1644169,3693762,0,0
62904,106499,506808,1138587,0,0
71905,14302544,62172314,139675292,0,0
253901,1538030,7432980,16698810,0,0
3906,100200,524551,1178447,0,0
25906,59399,244291,548819,0,0
138904,0,155490,349322,0,0
174911,0,351699,790121,0,0
101877,0,80400,180625,0,0
131001,0,45118,101362,0,0
111801,0,95753,215118,0,0
22902,0,7007,15741,7442,7441
15842,0,258628,581030,0,0
117907,0,54568,122591,0,0
143905,0,49305,110768,0,0
220814,0,31710,71238,66078,66079
211901,0,58531,131494,0,0
143904,0,45028,101160,0,0
15834,0,0,0,987999,1010560
177903,0,0,0,74771,68495
57851,0,0,0,20002,20002
101837,0,0,0,101264,95430
227814,0,0,0,100485,95416
178807,0,0,0,85964,76244
133905,0,0,0,6667,7709
86024,0,0,0,19304,17260
92801,0,0,0,66761,61421
15836,0,0,0,160795,163838
242906,0,0,0,51332,50190
15914,0,0,0,639675,598534
90905,0,0,0,24682,22317
135001,0,0,0,37510,38075
244901,0,0,0,64390,57900
57911,0,0,0,1761134,1696136
43801,0,0,0,418353,402134
208903,0,0,0,92018,88128
61804,0,0,0,498963,482063
43802,0,0,0,82504,77147
162904,0,0,0,102361,97620
183801,0,0,0,147029,136204
15843,0,0,0,6250,6250
57840,0,0,0,87994,76465
236802,0,0,0,162247,181305
22903,0,0,0,2236,1977
178808,0,0,0,193252,180795
174801,0,0,0,67154,65180
227827,0,0,0,828651,828794
220801,0,0,0,144973,131167
61805,0,0,0,266416,246483
220810,0,0,0,245211,237534
